"sample_id","diagnosis","LR_pair","pathway","sender_subtype","receiver_subtype","score","ligand_mean","receptor_mean","pct_ligand","pct_receptor","n_sender","n_receiver"
"K22H06985_7","HG-PanIN","TGFB1_TGFBR1","TGFb","Classical","iCAF",0.046640824286672,0.0252225738813966,0.0862468081318496,0.0102639296187683,0.0222804718217562,682,2289
"K22H06985_7","HG-PanIN","TGFB2_TGFBR2","TGFb","Classical","iCAF",0.0519637972209121,0.0110732276214345,0.243852679086016,0.00439882697947214,0.0633464394932285,682,2289
"K22H06985_7","HG-PanIN","PDGFA_PDGFRA","PDGF","Classical","iCAF",0.142551547271492,0.214043685132178,0.0949383001743206,0.0791788856304985,0.0244648318042813,682,2289
"K22H06985_7","HG-PanIN","PDGFB_PDGFRB","PDGF","Classical","iCAF",0.133584998834983,0.0651012326710248,0.274110814520488,0.0234604105571848,0.0716470074268239,682,2289
"K22H06985_7","HG-PanIN","HGF_MET","HGF","Classical","iCAF",0.0141460334415459,0.00809540679606482,0.0247189878372275,0.00293255131964809,0.00655307994757536,682,2289
"K22H06985_7","HG-PanIN","FGF2_FGFR1","FGF","Classical","iCAF",0.0664380962591382,0.0181522773834704,0.243166217730782,0.00733137829912024,0.0615989515072084,682,2289
"K22H06985_7","HG-PanIN","FGF7_FGFR2","FGF","Classical","iCAF",0.0218910524962208,0.0135766476957233,0.0352972390631637,0.00439882697947214,0.00961118392311053,682,2289
"K22H06985_7","HG-PanIN","VEGFA_KDR","VEGF","Classical","iCAF",0.12633257866782,0.543155570600083,0.029383700171257,0.18475073313783,0.00742682394058541,682,2289
"K22H06985_7","HG-PanIN","WNT7A_FZD1","WNT","Classical","iCAF",0.0343182635255526,0.0309005647544676,0.0381139704328217,0.0131964809384164,0.0100480559196156,682,2289
"K22H06985_7","HG-PanIN","WNT7B_FZD7","WNT","Classical","iCAF",0.0230197297228974,0.0375958723714422,0.0140948440105293,0.0131964809384164,0.00349497597204019,682,2289
"K22H06985_7","HG-PanIN","SHH_PTCH1","Hedgehog","Classical","iCAF",0.0744767397147623,0.158336105674142,0.035031711402299,0.0571847507331378,0.00917431192660551,682,2289
"K22H06985_7","HG-PanIN","BMP2_BMPR1A","BMP","Classical","iCAF",0.0750196332654766,0.204660617690649,0.0274989171770869,0.0762463343108504,0.00742682394058541,682,2289
"K22H06985_7","HG-PanIN","BMP4_BMPR2","BMP","Classical","iCAF",0.157525187457648,0.115151591490647,0.215491460971971,0.0425219941348974,0.055045871559633,682,2289
"K22H06985_7","HG-PanIN","IL6_IL6R","IL6","Classical","iCAF",0.011133054114107,0.0038402455769325,0.0322752520443338,0.00146627565982405,0.00873743993010048,682,2289
"K22H06985_7","HG-PanIN","IL1B_IL1R1","IL1","Classical","iCAF",0.0779028851449695,0.0232232998265959,0.261326321376608,0.00879765395894428,0.0655307994757536,682,2289
"K22H06985_7","HG-PanIN","CXCL1_CXCR2","Chemokine","Classical","iCAF",0.010133532224251,0.0113374694147325,0.00905744232540059,0.00439882697947214,0.00218435998252512,682,2289
"K22H06985_7","HG-PanIN","CCL2_CCR2","Chemokine","Classical","iCAF",0.00823244538572066,0.00485711035822302,0.0139533903968508,0.00146627565982405,0.00393184796854522,682,2289
"K22H06985_7","HG-PanIN","SPP1_CD44","Matricellular","Classical","iCAF",0.234342376644524,0.151555922726045,0.362350401776588,0.0454545454545455,0.0926168632590651,682,2289
"K22H06985_7","HG-PanIN","TGFB1_TGFBR1","TGFb","Classical","myCAF",0.0488712411527842,0.0252225738813966,0.0946928819812162,0.0102639296187683,0.0242750543118919,682,10587
"K22H06985_7","HG-PanIN","TGFB2_TGFBR2","TGFb","Classical","myCAF",0.0537026473109624,0.0110732276214345,0.260445682758575,0.00439882697947214,0.0664021913667706,682,10587
"K22H06985_7","HG-PanIN","PDGFA_PDGFRA","PDGF","Classical","myCAF",0.156516293571209,0.214043685132178,0.114450235418724,0.0791788856304985,0.0296590157740625,682,10587
"K22H06985_7","HG-PanIN","PDGFB_PDGFRB","PDGF","Classical","myCAF",0.135233868260285,0.0651012326710248,0.280919398516703,0.0234604105571848,0.0736752621139133,682,10587
"K22H06985_7","HG-PanIN","HGF_MET","HGF","Classical","myCAF",0.014604710031639,0.00809540679606482,0.0263479724344352,0.00293255131964809,0.00708415981864551,682,10587
"K22H06985_7","HG-PanIN","FGF2_FGFR1","FGF","Classical","myCAF",0.0630282789541314,0.0181522773834704,0.218846586794517,0.00733137829912024,0.0561065457636724,682,10587
"K22H06985_7","HG-PanIN","FGF7_FGFR2","FGF","Classical","myCAF",0.0181664795719767,0.0135766476957233,0.0243079873202428,0.00439882697947214,0.0069897043543969,682,10587
"K22H06985_7","HG-PanIN","VEGFA_KDR","VEGF","Classical","myCAF",0.116272971211614,0.543155570600083,0.0248904817811966,0.18475073313783,0.00670633796165108,682,10587
"K22H06985_7","HG-PanIN","WNT7A_FZD1","WNT","Classical","myCAF",0.0375510342590461,0.0309005647544676,0.0456328285624678,0.0131964809384164,0.0117124775668272,682,10587
"K22H06985_7","HG-PanIN","WNT7B_FZD7","WNT","Classical","myCAF",0.0265599205777411,0.0375958723714422,0.0187634795151544,0.0131964809384164,0.00510059506942477,682,10587
"K22H06985_7","HG-PanIN","SHH_PTCH1","Hedgehog","Classical","myCAF",0.0812752039246188,0.158336105674142,0.0417192196616414,0.0571847507331378,0.0112402002455842,682,10587
"K22H06985_7","HG-PanIN","BMP2_BMPR1A","BMP","Classical","myCAF",0.0855744904190082,0.204660617690649,0.0357811556180382,0.0762463343108504,0.00935109096061207,682,10587
"K22H06985_7","HG-PanIN","BMP4_BMPR2","BMP","Classical","myCAF",0.140028992895621,0.115151591490647,0.170280919243347,0.0425219941348974,0.0441107018040994,682,10587
"K22H06985_7","HG-PanIN","IL6_IL6R","IL6","Classical","myCAF",0.0108802150603409,0.0038402455769325,0.030825913965072,0.00146627565982405,0.00793425899688297,682,10587
"K22H06985_7","HG-PanIN","IL1B_IL1R1","IL1","Classical","myCAF",0.0798889773515192,0.0232232998265959,0.274820923379823,0.00879765395894428,0.0691413998299802,682,10587
"K22H06985_7","HG-PanIN","CXCL1_CXCR2","Chemokine","Classical","myCAF",0.00616313248563226,0.0113374694147325,0.00335032454297931,0.00439882697947214,0.000850099178237461,682,10587
"K22H06985_7","HG-PanIN","CCL2_CCR2","Chemokine","Classical","myCAF",0.00844616425627355,0.00485711035822302,0.0146872698750152,0.00146627565982405,0.00377821856994427,682,10587
"K22H06985_7","HG-PanIN","SPP1_CD44","Matricellular","Classical","myCAF",0.22113067445502,0.151555922726045,0.322645095654376,0.0454545454545455,0.0829318976102768,682,10587
"K22H06985_7","HG-PanIN","TGFB1_TGFBR1","TGFb","Classical","All",0.0473295341545649,0.0252225738813966,0.0888126966669467,0.0102639296187683,0.0230909676726453,682,27933
"K22H06985_7","HG-PanIN","TGFB2_TGFBR2","TGFb","Classical","All",0.0538019568299919,0.0110732276214345,0.261409830782592,0.00439882697947214,0.0670175061754913,682,27933
"K22H06985_7","HG-PanIN","PDGFA_PDGFRA","PDGF","Classical","All",0.152360253059566,0.214043685132178,0.108452845492919,0.0791788856304985,0.0279239609064547,682,27933
"K22H06985_7","HG-PanIN","PDGFB_PDGFRB","PDGF","Classical","All",0.131586081471906,0.0651012326710248,0.265968801614375,0.0234604105571848,0.0696309025167365,682,27933
"K22H06985_7","HG-PanIN","HGF_MET","HGF","Classical","All",0.0150737358690762,0.00809540679606482,0.0280674608175497,0.00293255131964809,0.00748218952493467,682,27933
"K22H06985_7","HG-PanIN","FGF2_FGFR1","FGF","Classical","All",0.0643688410553404,0.0181522773834704,0.228254979321803,0.00733137829912024,0.0586403179035549,682,27933
"K22H06985_7","HG-PanIN","FGF7_FGFR2","FGF","Classical","All",0.0202226123781143,0.0135766476957233,0.0301218725388509,0.00439882697947214,0.00848458812157663,682,27933
"K22H06985_7","HG-PanIN","VEGFA_KDR","VEGF","Classical","All",0.118985825750206,0.543155570600083,0.0260655095810154,0.18475073313783,0.00690939032685354,682,27933
"K22H06985_7","HG-PanIN","WNT7A_FZD1","WNT","Classical","All",0.036390239871845,0.0309005647544676,0.042855189490961,0.0131964809384164,0.0110979844628218,682,27933
"K22H06985_7","HG-PanIN","WNT7B_FZD7","WNT","Classical","All",0.0254422470103021,0.0375958723714422,0.0172175266087168,0.0131964809384164,0.00454659363476891,682,27933
"K22H06985_7","HG-PanIN","SHH_PTCH1","Hedgehog","Classical","All",0.0823172180672068,0.158336105674142,0.0427958257623782,0.0571847507331378,0.0114559839616225,682,27933
"K22H06985_7","HG-PanIN","BMP2_BMPR1A","BMP","Classical","All",0.081661801658647,0.204660617690649,0.0325839427506081,0.0762463343108504,0.00855618802133677,682,27933
"K22H06985_7","HG-PanIN","BMP4_BMPR2","BMP","Classical","All",0.145598412491254,0.115151591490647,0.18409556868083,0.0425219941348974,0.0473633336913328,682,27933
"K22H06985_7","HG-PanIN","IL6_IL6R","IL6","Classical","All",0.0104736479776097,0.0038402455769325,0.0285651789088215,0.00146627565982405,0.00733898972541438,682,27933
"K22H06985_7","HG-PanIN","IL1B_IL1R1","IL1","Classical","All",0.0810323878934604,0.0232232998265959,0.282743965618375,0.00879765395894428,0.0710987004618193,682,27933
"K22H06985_7","HG-PanIN","CXCL1_CXCR2","Chemokine","Classical","All",0.00588184348053541,0.0113374694147325,0.0030514819016456,0.00439882697947214,0.000751798947481474,682,27933
"K22H06985_7","HG-PanIN","CCL2_CCR2","Chemokine","Classical","All",0.00801003173901854,0.00485711035822302,0.0132096254208969,0.00146627565982405,0.00347259513836681,682,27933
"K22H06985_7","HG-PanIN","SPP1_CD44","Matricellular","Classical","All",0.221195263020249,0.151555922726045,0.322833601633893,0.0454545454545455,0.0826978842229621,682,27933
"K22H06985_7","HG-PanIN","TGFB1_TGFBR1","TGFb","Basal-like","iCAF",0.0494262922815442,0.028325203234953,0.0862468081318496,0.012,0.0222804718217562,250,2289
"K22H06985_7","HG-PanIN","TGFB2_TGFBR2","TGFb","Basal-like","iCAF",0.0444161204754452,0.00809009671529335,0.243852679086016,0.004,0.0633464394932285,250,2289
"K22H06985_7","HG-PanIN","PDGFA_PDGFRA","PDGF","Basal-like","iCAF",0.169181372972535,0.301483562569764,0.0949383001743206,0.1,0.0244648318042813,250,2289
"K22H06985_7","HG-PanIN","PDGFB_PDGFRB","PDGF","Basal-like","iCAF",0.0894839413977219,0.0292121847949652,0.274110814520488,0.012,0.0716470074268239,250,2289
"K22H06985_7","HG-PanIN","HGF_MET","HGF","Basal-like","iCAF",0.0227914313864167,0.0210141834310641,0.0247189878372275,0.008,0.00655307994757536,250,2289
"K22H06985_7","HG-PanIN","FGF2_FGFR1","FGF","Basal-like","iCAF",0.0507022712419069,0.0105718645175212,0.243166217730782,0.004,0.0615989515072084,250,2289
"K22H06985_7","HG-PanIN","FGF7_FGFR2","FGF","Basal-like","iCAF",0.0203107335421871,0.0116872001315321,0.0352972390631637,0.004,0.00961118392311053,250,2289
"K22H06985_7","HG-PanIN","VEGFA_KDR","VEGF","Basal-like","iCAF",0.140766211233872,0.674357759902616,0.029383700171257,0.22,0.00742682394058541,250,2289
"K22H06985_7","HG-PanIN","WNT7A_FZD1","WNT","Basal-like","iCAF",0,0,0.0381139704328217,0,0.0100480559196156,250,2289
"K22H06985_7","HG-PanIN","WNT7B_FZD7","WNT","Basal-like","iCAF",0.0204019062911518,0.0295312087173151,0.0140948440105293,0.012,0.00349497597204019,250,2289
"K22H06985_7","HG-PanIN","SHH_PTCH1","Hedgehog","Basal-like","iCAF",0.0702056122309504,0.140696180444073,0.035031711402299,0.048,0.00917431192660551,250,2289
"K22H06985_7","HG-PanIN","BMP2_BMPR1A","BMP","Basal-like","iCAF",0.0964546503783176,0.338322397194443,0.0274989171770869,0.108,0.00742682394058541,250,2289
"K22H06985_7","HG-PanIN","BMP4_BMPR2","BMP","Basal-like","iCAF",0.122624951819849,0.069779464768565,0.215491460971971,0.028,0.055045871559633,250,2289
"K22H06985_7","HG-PanIN","IL6_IL6R","IL6","Basal-like","iCAF",0,0,0.0322752520443338,0,0.00873743993010048,250,2289
"K22H06985_7","HG-PanIN","IL1B_IL1R1","IL1","Basal-like","iCAF",0.114370222772348,0.0500544598343219,0.261326321376608,0.016,0.0655307994757536,250,2289
"K22H06985_7","HG-PanIN","CXCL1_CXCR2","Chemokine","Basal-like","iCAF",0.010183334117133,0.011449180686511,0.00905744232540059,0.004,0.00218435998252512,250,2289
"K22H06985_7","HG-PanIN","CCL2_CCR2","Chemokine","Basal-like","iCAF",0.0159652993710215,0.0182673011187208,0.0139533903968508,0.004,0.00393184796854522,250,2289
"K22H06985_7","HG-PanIN","SPP1_CD44","Matricellular","Basal-like","iCAF",0.22066395578599,0.134379818938751,0.362350401776588,0.036,0.0926168632590651,250,2289
"K22H06985_7","HG-PanIN","TGFB1_TGFBR1","TGFb","Basal-like","myCAF",0.051789913371441,0.028325203234953,0.0946928819812162,0.012,0.0242750543118919,250,10587
"K22H06985_7","HG-PanIN","TGFB2_TGFBR2","TGFb","Basal-like","myCAF",0.0459024047583292,0.00809009671529335,0.260445682758575,0.004,0.0664021913667706,250,10587
"K22H06985_7","HG-PanIN","PDGFA_PDGFRA","PDGF","Basal-like","myCAF",0.185754851110233,0.301483562569764,0.114450235418724,0.1,0.0296590157740625,250,10587
"K22H06985_7","HG-PanIN","PDGFB_PDGFRB","PDGF","Basal-like","myCAF",0.0905884616381158,0.0292121847949652,0.280919398516703,0.012,0.0736752621139133,250,10587
"K22H06985_7","HG-PanIN","HGF_MET","HGF","Basal-like","myCAF",0.0235304297830244,0.0210141834310641,0.0263479724344352,0.008,0.00708415981864551,250,10587
"K22H06985_7","HG-PanIN","FGF2_FGFR1","FGF","Basal-like","myCAF",0.048100067211113,0.0105718645175212,0.218846586794517,0.004,0.0561065457636724,250,10587
"K22H06985_7","HG-PanIN","FGF7_FGFR2","FGF","Basal-like","myCAF",0.0168550381965281,0.0116872001315321,0.0243079873202428,0.004,0.0069897043543969,250,10587
"K22H06985_7","HG-PanIN","VEGFA_KDR","VEGF","Basal-like","myCAF",0.129557282839926,0.674357759902616,0.0248904817811966,0.22,0.00670633796165108,250,10587
"K22H06985_7","HG-PanIN","WNT7A_FZD1","WNT","Basal-like","myCAF",0,0,0.0456328285624678,0,0.0117124775668272,250,10587
"K22H06985_7","HG-PanIN","WNT7B_FZD7","WNT","Basal-like","myCAF",0.023539503601926,0.0295312087173151,0.0187634795151544,0.012,0.00510059506942477,250,10587
"K22H06985_7","HG-PanIN","SHH_PTCH1","Hedgehog","Basal-like","myCAF",0.0766141948825427,0.140696180444073,0.0417192196616414,0.048,0.0112402002455842,250,10587
"K22H06985_7","HG-PanIN","BMP2_BMPR1A","BMP","Basal-like","myCAF",0.110025298650274,0.338322397194443,0.0357811556180382,0.108,0.00935109096061207,250,10587
"K22H06985_7","HG-PanIN","BMP4_BMPR2","BMP","Basal-like","myCAF",0.10900509806931,0.069779464768565,0.170280919243347,0.028,0.0441107018040994,250,10587
"K22H06985_7","HG-PanIN","IL6_IL6R","IL6","Basal-like","myCAF",0,0,0.030825913965072,0,0.00793425899688297,250,10587
"K22H06985_7","HG-PanIN","IL1B_IL1R1","IL1","Basal-like","myCAF",0.117286030161084,0.0500544598343219,0.274820923379823,0.016,0.0691413998299802,250,10587
"K22H06985_7","HG-PanIN","CXCL1_CXCR2","Chemokine","Basal-like","myCAF",0.00619342159480708,0.011449180686511,0.00335032454297931,0.004,0.000850099178237461,250,10587
"K22H06985_7","HG-PanIN","CCL2_CCR2","Chemokine","Basal-like","myCAF",0.016379767440926,0.0182673011187208,0.0146872698750152,0.004,0.00377821856994427,250,10587
"K22H06985_7","HG-PanIN","SPP1_CD44","Matricellular","Basal-like","myCAF",0.208223412553706,0.134379818938751,0.322645095654376,0.036,0.0829318976102768,250,10587
"K22H06985_7","HG-PanIN","TGFB1_TGFBR1","TGFb","Basal-like","All",0.0501561330540493,0.028325203234953,0.0888126966669467,0.012,0.0230909676726453,250,27933
"K22H06985_7","HG-PanIN","TGFB2_TGFBR2","TGFb","Basal-like","All",0.0459872896935625,0.00809009671529335,0.261409830782592,0.004,0.0670175061754913,250,27933
"K22H06985_7","HG-PanIN","PDGFA_PDGFRA","PDGF","Basal-like","All",0.180822427342499,0.301483562569764,0.108452845492919,0.1,0.0279239609064547,250,27933
"K22H06985_7","HG-PanIN","PDGFB_PDGFRB","PDGF","Basal-like","All",0.0881449362269584,0.0292121847949652,0.265968801614375,0.012,0.0696309025167365,250,27933
"K22H06985_7","HG-PanIN","HGF_MET","HGF","Basal-like","All",0.0242861024057833,0.0210141834310641,0.0280674608175497,0.008,0.00748218952493467,250,27933
"K22H06985_7","HG-PanIN","FGF2_FGFR1","FGF","Basal-like","All",0.0491231179470493,0.0105718645175212,0.228254979321803,0.004,0.0586403179035549,250,27933
"K22H06985_7","HG-PanIN","FGF7_FGFR2","FGF","Basal-like","All",0.0187627384114913,0.0116872001315321,0.0301218725388509,0.004,0.00848458812157663,250,27933
"K22H06985_7","HG-PanIN","VEGFA_KDR","VEGF","Basal-like","All",0.132580083918263,0.674357759902616,0.0260655095810154,0.22,0.00690939032685354,250,27933
"K22H06985_7","HG-PanIN","WNT7A_FZD1","WNT","Basal-like","All",0,0,0.042855189490961,0,0.0110979844628218,250,27933
"K22H06985_7","HG-PanIN","WNT7B_FZD7","WNT","Basal-like","All",0.0225489328323524,0.0295312087173151,0.0172175266087168,0.012,0.00454659363476891,250,27933
"K22H06985_7","HG-PanIN","SHH_PTCH1","Hedgehog","Basal-like","All",0.0775964511025903,0.140696180444073,0.0427958257623782,0.048,0.0114559839616225,250,27933
"K22H06985_7","HG-PanIN","BMP2_BMPR1A","BMP","Basal-like","All",0.104994655204121,0.338322397194443,0.0325839427506081,0.108,0.00855618802133677,250,27933
"K22H06985_7","HG-PanIN","BMP4_BMPR2","BMP","Basal-like","All",0.113340594002383,0.069779464768565,0.18409556868083,0.028,0.0473633336913328,250,27933
"K22H06985_7","HG-PanIN","IL6_IL6R","IL6","Basal-like","All",0,0,0.0285651789088215,0,0.00733898972541438,250,27933
"K22H06985_7","HG-PanIN","IL1B_IL1R1","IL1","Basal-like","All",0.118964685812395,0.0500544598343219,0.282743965618375,0.016,0.0710987004618193,250,27933
"K22H06985_7","HG-PanIN","CXCL1_CXCR2","Chemokine","Basal-like","All",0.00591075017688608,0.011449180686511,0.0030514819016456,0.004,0.000751798947481474,250,27933
"K22H06985_7","HG-PanIN","CCL2_CCR2","Chemokine","Basal-like","All",0.0155339693970676,0.0182673011187208,0.0132096254208969,0.004,0.00347259513836681,250,27933
"K22H06985_7","HG-PanIN","SPP1_CD44","Matricellular","Basal-like","All",0.20828423112398,0.134379818938751,0.322833601633893,0.036,0.0826978842229621,250,27933
"K22H06985_7","HG-PanIN","TGFB1_TGFBR1","TGFb","All","iCAF",0.0537583108367656,0.0335079760819008,0.0862468081318496,0.0126284875183554,0.0222804718217562,3405,2289
"K22H06985_7","HG-PanIN","TGFB2_TGFBR2","TGFb","All","iCAF",0.0566635993101256,0.0131668165337069,0.243852679086016,0.00499265785609398,0.0633464394932285,3405,2289
"K22H06985_7","HG-PanIN","PDGFA_PDGFRA","PDGF","All","iCAF",0.144161932912488,0.218907046607162,0.0949383001743206,0.0787077826725404,0.0244648318042813,3405,2289
"K22H06985_7","HG-PanIN","PDGFB_PDGFRB","PDGF","All","iCAF",0.115873747128812,0.0489828367303191,0.274110814520488,0.0187958883994126,0.0716470074268239,3405,2289
"K22H06985_7","HG-PanIN","HGF_MET","HGF","All","iCAF",0.0121113732390929,0.00593411682964231,0.0247189878372275,0.00234948604992658,0.00655307994757536,3405,2289
"K22H06985_7","HG-PanIN","FGF2_FGFR1","FGF","All","iCAF",0.0688181882284766,0.0194761553444622,0.243166217730782,0.00763582966226138,0.0615989515072084,3405,2289
"K22H06985_7","HG-PanIN","FGF7_FGFR2","FGF","All","iCAF",0.0194703847136833,0.0107401001030264,0.0352972390631637,0.00352422907488987,0.00961118392311053,3405,2289
"K22H06985_7","HG-PanIN","VEGFA_KDR","VEGF","All","iCAF",0.130610748416774,0.580565670850294,0.029383700171257,0.201174743024963,0.00742682394058541,3405,2289
"K22H06985_7","HG-PanIN","WNT7A_FZD1","WNT","All","iCAF",0.0286189907616285,0.0214894072413105,0.0381139704328217,0.00881057268722467,0.0100480559196156,3405,2289
"K22H06985_7","HG-PanIN","WNT7B_FZD7","WNT","All","iCAF",0.0234041091769649,0.0388618934667248,0.0140948440105293,0.0146842878120411,0.00349497597204019,3405,2289
"K22H06985_7","HG-PanIN","SHH_PTCH1","Hedgehog","All","iCAF",0.0768360952157828,0.16852689439607,0.035031711402299,0.0607929515418502,0.00917431192660551,3405,2289
"K22H06985_7","HG-PanIN","BMP2_BMPR1A","BMP","All","iCAF",0.0786703017562707,0.225064003013893,0.0274989171770869,0.0807635829662261,0.00742682394058541,3405,2289
"K22H06985_7","HG-PanIN","BMP4_BMPR2","BMP","All","iCAF",0.168064927619111,0.131076283803612,0.215491460971971,0.0481644640234949,0.055045871559633,3405,2289
"K22H06985_7","HG-PanIN","IL6_IL6R","IL6","All","iCAF",0.0119660352360126,0.00443640220292663,0.0322752520443338,0.00146842878120411,0.00873743993010048,3405,2289
"K22H06985_7","HG-PanIN","IL1B_IL1R1","IL1","All","iCAF",0.0807036646130453,0.0249231743961552,0.261326321376608,0.00910425844346549,0.0655307994757536,3405,2289
"K22H06985_7","HG-PanIN","CXCL1_CXCR2","Chemokine","All","iCAF",0.0133773616435576,0.0197576532218892,0.00905744232540059,0.00675477239353891,0.00218435998252512,3405,2289
"K22H06985_7","HG-PanIN","CCL2_CCR2","Chemokine","All","iCAF",0.00912971214190634,0.00597357641572791,0.0139533903968508,0.00205580029368576,0.00393184796854522,3405,2289
"K22H06985_7","HG-PanIN","SPP1_CD44","Matricellular","All","iCAF",0.225802042969149,0.140710655650047,0.362350401776588,0.0417033773861968,0.0926168632590651,3405,2289
"K22H06985_7","HG-PanIN","TGFB1_TGFBR1","TGFb","All","myCAF",0.0563290939440077,0.0335079760819008,0.0946928819812162,0.0126284875183554,0.0242750543118919,3405,10587
"K22H06985_7","HG-PanIN","TGFB2_TGFBR2","TGFb","All","myCAF",0.0585597175700001,0.0131668165337069,0.260445682758575,0.00499265785609398,0.0664021913667706,3405,10587
"K22H06985_7","HG-PanIN","PDGFA_PDGFRA","PDGF","All","myCAF",0.158284437071391,0.218907046607162,0.114450235418724,0.0787077826725404,0.0296590157740625,3405,10587
"K22H06985_7","HG-PanIN","PDGFB_PDGFRB","PDGF","All","myCAF",0.117304002625329,0.0489828367303191,0.280919398516703,0.0187958883994126,0.0736752621139133,3405,10587
"K22H06985_7","HG-PanIN","HGF_MET","HGF","All","myCAF",0.0125040772010626,0.00593411682964231,0.0263479724344352,0.00234948604992658,0.00708415981864551,3405,10587
"K22H06985_7","HG-PanIN","FGF2_FGFR1","FGF","All","myCAF",0.06528621692988,0.0194761553444622,0.218846586794517,0.00763582966226138,0.0561065457636724,3405,10587
"K22H06985_7","HG-PanIN","FGF7_FGFR2","FGF","All","myCAF",0.0161576674406458,0.0107401001030264,0.0243079873202428,0.00352422907488987,0.0069897043543969,3405,10587
"K22H06985_7","HG-PanIN","VEGFA_KDR","VEGF","All","myCAF",0.120210478965386,0.580565670850294,0.0248904817811966,0.201174743024963,0.00670633796165108,3405,10587
"K22H06985_7","HG-PanIN","WNT7A_FZD1","WNT","All","myCAF",0.0313148916100915,0.0214894072413105,0.0456328285624678,0.00881057268722467,0.0117124775668272,3405,10587
"K22H06985_7","HG-PanIN","WNT7B_FZD7","WNT","All","myCAF",0.0270034135246454,0.0388618934667248,0.0187634795151544,0.0146842878120411,0.00510059506942477,3405,10587
"K22H06985_7","HG-PanIN","SHH_PTCH1","Hedgehog","All","myCAF",0.0838499285998735,0.16852689439607,0.0417192196616414,0.0607929515418502,0.0112402002455842,3405,10587
"K22H06985_7","HG-PanIN","BMP2_BMPR1A","BMP","All","myCAF",0.0897387882459905,0.225064003013893,0.0357811556180382,0.0807635829662261,0.00935109096061207,3405,10587
"K22H06985_7","HG-PanIN","BMP4_BMPR2","BMP","All","myCAF",0.149398092682206,0.131076283803612,0.170280919243347,0.0481644640234949,0.0441107018040994,3405,10587
"K22H06985_7","HG-PanIN","IL6_IL6R","IL6","All","myCAF",0.0116942786276825,0.00443640220292663,0.030825913965072,0.00146842878120411,0.00793425899688297,3405,10587
"K22H06985_7","HG-PanIN","IL1B_IL1R1","IL1","All","myCAF",0.0827611611875265,0.0249231743961552,0.274820923379823,0.00910425844346549,0.0691413998299802,3405,10587
"K22H06985_7","HG-PanIN","CXCL1_CXCR2","Chemokine","All","myCAF",0.00813600334937059,0.0197576532218892,0.00335032454297931,0.00675477239353891,0.000850099178237461,3405,10587
"K22H06985_7","HG-PanIN","CCL2_CCR2","Chemokine","All","myCAF",0.00936672455753993,0.00597357641572791,0.0146872698750152,0.00205580029368576,0.00377821856994427,3405,10587
"K22H06985_7","HG-PanIN","SPP1_CD44","Matricellular","All","myCAF",0.213071825804819,0.140710655650047,0.322645095654376,0.0417033773861968,0.0829318976102768,3405,10587
"K22H06985_7","HG-PanIN","TGFB1_TGFBR1","TGFb","All","All",0.0545521192593392,0.0335079760819008,0.0888126966669467,0.0126284875183554,0.0230909676726453,3405,27933
"K22H06985_7","HG-PanIN","TGFB2_TGFBR2","TGFb","All","All",0.0586680090170251,0.0131668165337069,0.261409830782592,0.00499265785609398,0.0670175061754913,3405,27933
"K22H06985_7","HG-PanIN","PDGFA_PDGFRA","PDGF","All","All",0.154081446329523,0.218907046607162,0.108452845492919,0.0787077826725404,0.0279239609064547,3405,27933
"K22H06985_7","HG-PanIN","PDGFB_PDGFRB","PDGF","All","All",0.114139854498048,0.0489828367303191,0.265968801614375,0.0187958883994126,0.0696309025167365,3405,27933
"K22H06985_7","HG-PanIN","HGF_MET","HGF","All","All",0.0129056418516379,0.00593411682964231,0.0280674608175497,0.00234948604992658,0.00748218952493467,3405,27933
"K22H06985_7","HG-PanIN","FGF2_FGFR1","FGF","All","All",0.0666748036023988,0.0194761553444622,0.228254979321803,0.00763582966226138,0.0586403179035549,3405,27933
"K22H06985_7","HG-PanIN","FGF7_FGFR2","FGF","All","All",0.0179864372891871,0.0107401001030264,0.0301218725388509,0.00352422907488987,0.00848458812157663,3405,27933
"K22H06985_7","HG-PanIN","VEGFA_KDR","VEGF","All","All",0.123015202539999,0.580565670850294,0.0260655095810154,0.201174743024963,0.00690939032685354,3405,27933
"K22H06985_7","HG-PanIN","WNT7A_FZD1","WNT","All","All",0.0303468716571378,0.0214894072413105,0.042855189490961,0.00881057268722467,0.0110979844628218,3405,27933
"K22H06985_7","HG-PanIN","WNT7B_FZD7","WNT","All","All",0.0258670772378413,0.0388618934667248,0.0172175266087168,0.0146842878120411,0.00454659363476891,3405,27933
"K22H06985_7","HG-PanIN","SHH_PTCH1","Hedgehog","All","All",0.084924952804514,0.16852689439607,0.0427958257623782,0.0607929515418502,0.0114559839616225,3405,27933
"K22H06985_7","HG-PanIN","BMP2_BMPR1A","BMP","All","All",0.0856356969343239,0.225064003013893,0.0325839427506081,0.0807635829662261,0.00855618802133677,3405,27933
"K22H06985_7","HG-PanIN","BMP4_BMPR2","BMP","All","All",0.15534015259229,0.131076283803612,0.18409556868083,0.0481644640234949,0.0473633336913328,3405,27933
"K22H06985_7","HG-PanIN","IL6_IL6R","IL6","All","All",0.0112572919762299,0.00443640220292663,0.0285651789088215,0.00146842878120411,0.00733898972541438,3405,27933
"K22H06985_7","HG-PanIN","IL1B_IL1R1","IL1","All","All",0.0839456798445713,0.0249231743961552,0.282743965618375,0.00910425844346549,0.0710987004618193,3405,27933
"K22H06985_7","HG-PanIN","CXCL1_CXCR2","Chemokine","All","All",0.00776467135335326,0.0197576532218892,0.0030514819016456,0.00675477239353891,0.000751798947481474,3405,27933
"K22H06985_7","HG-PanIN","CCL2_CCR2","Chemokine","All","All",0.00888305729323354,0.00597357641572791,0.0132096254208969,0.00205580029368576,0.00347259513836681,3405,27933
"K22H06985_7","HG-PanIN","SPP1_CD44","Matricellular","All","All",0.213134060515374,0.140710655650047,0.322833601633893,0.0417033773861968,0.0826978842229621,3405,27933
"K23H01635_6","HG-PanIN","TGFB1_TGFBR1","TGFb","Classical","iCAF",0.115729294503096,0.0567482084802673,0.236012201351546,0.0229445506692161,0.0681311329170384,1046,8968
"K23H01635_6","HG-PanIN","TGFB2_TGFBR2","TGFb","Classical","iCAF",0.0649446685778773,0.013137827124496,0.321043193575447,0.00573613766730402,0.0940008920606601,1046,8968
"K23H01635_6","HG-PanIN","PDGFA_PDGFRA","PDGF","Classical","iCAF",0.173639131391487,0.2564617064413,0.117563547278709,0.108030592734226,0.0340098126672614,1046,8968
"K23H01635_6","HG-PanIN","PDGFB_PDGFRB","PDGF","Classical","iCAF",0.176253458892347,0.0732844304934045,0.423900159452179,0.0325047801147228,0.122100802854594,1046,8968
"K23H01635_6","HG-PanIN","HGF_MET","HGF","Classical","iCAF",0.0142575900903323,0.0125179775975079,0.0162389550229273,0.00478011472275335,0.0050178412132025,1046,8968
"K23H01635_6","HG-PanIN","FGF2_FGFR1","FGF","Classical","iCAF",0.0810428413954001,0.019322475202819,0.339912049181037,0.00860420650095602,0.0981266726137377,1046,8968
"K23H01635_6","HG-PanIN","FGF7_FGFR2","FGF","Classical","iCAF",0.0198325930183241,0.0293545124979788,0.0133993622226757,0.0124282982791587,0.00390276538804639,1046,8968
"K23H01635_6","HG-PanIN","VEGFA_KDR","VEGF","Classical","iCAF",0.155412385860664,0.888948306987885,0.0271703196789294,0.3565965583174,0.00825156110615522,1046,8968
"K23H01635_6","HG-PanIN","WNT7A_FZD1","WNT","Classical","iCAF",0.0824503735914758,0.055602374679528,0.122262118201885,0.0248565965583174,0.0360169491525424,1046,8968
"K23H01635_6","HG-PanIN","WNT7B_FZD7","WNT","Classical","iCAF",0.0581105839802981,0.152663785727214,0.0221194565197351,0.0650095602294455,0.00657894736842105,1046,8968
"K23H01635_6","HG-PanIN","SHH_PTCH1","Hedgehog","Classical","iCAF",0.0333678539763606,0.105610420482627,0.0105426498057631,0.0487571701720841,0.00323371989295272,1046,8968
"K23H01635_6","HG-PanIN","BMP2_BMPR1A","BMP","Classical","iCAF",0.0510458722845719,0.124957199614562,0.0208525886089814,0.0506692160611855,0.00624442462087422,1046,8968
"K23H01635_6","HG-PanIN","BMP4_BMPR2","BMP","Classical","iCAF",0.074155597800874,0.0251219128255216,0.218894664725468,0.0105162523900574,0.06478590544157,1046,8968
"K23H01635_6","HG-PanIN","IL6_IL6R","IL6","Classical","iCAF",0.0171408127519512,0.00570758388545342,0.0514766786952116,0.00286806883365201,0.0154995539696699,1046,8968
"K23H01635_6","HG-PanIN","IL1B_IL1R1","IL1","Classical","iCAF",0.12924388910342,0.0220647021229714,0.757045473692877,0.00860420650095602,0.214094558429973,1046,8968
"K23H01635_6","HG-PanIN","CXCL1_CXCR2","Chemokine","Classical","iCAF",0.0159862110193691,0.0778452762914781,0.0032829088023132,0.0334608030592734,0.0010035682426405,1046,8968
"K23H01635_6","HG-PanIN","CCL2_CCR2","Chemokine","Classical","iCAF",0.00845886981768053,0.00974428725868958,0.00734301819034109,0.00382409177820268,0.00223015165031222,1046,8968
"K23H01635_6","HG-PanIN","SPP1_CD44","Matricellular","Classical","iCAF",0.310686102074798,0.172892222528293,0.558300729847095,0.0736137667304015,0.161128456735058,1046,8968
"K23H01635_6","HG-PanIN","TGFB1_TGFBR1","TGFb","Classical","myCAF",0.116439623643686,0.0567482084802673,0.238918308037824,0.0229445506692161,0.0702824650659546,1046,43439
"K23H01635_6","HG-PanIN","TGFB2_TGFBR2","TGFb","Classical","myCAF",0.0636532270485347,0.013137827124496,0.308402087749936,0.00573613766730402,0.0911392987868045,1046,43439
"K23H01635_6","HG-PanIN","PDGFA_PDGFRA","PDGF","Classical","myCAF",0.168679698735041,0.2564617064413,0.110943817539701,0.108030592734226,0.0325744146964709,1046,43439
"K23H01635_6","HG-PanIN","PDGFB_PDGFRB","PDGF","Classical","myCAF",0.170654634863178,0.0732844304934045,0.397396885043758,0.0325047801147228,0.114942793342388,1046,43439
"K23H01635_6","HG-PanIN","HGF_MET","HGF","Classical","myCAF",0.0167217804939185,0.0125179775975079,0.0223373097378334,0.00478011472275335,0.00692925711917862,1046,43439
"K23H01635_6","HG-PanIN","FGF2_FGFR1","FGF","Classical","myCAF",0.0813186094742495,0.019322475202819,0.342229252588755,0.00860420650095602,0.0990124082046088,1046,43439
"K23H01635_6","HG-PanIN","FGF7_FGFR2","FGF","Classical","myCAF",0.0192303719423056,0.0293545124979788,0.0125979678614958,0.0124282982791587,0.00377540919450264,1046,43439
"K23H01635_6","HG-PanIN","VEGFA_KDR","VEGF","Classical","myCAF",0.138938309090634,0.888948306987885,0.0217153838769024,0.3565965583174,0.0065609245148369,1046,43439
"K23H01635_6","HG-PanIN","WNT7A_FZD1","WNT","Classical","myCAF",0.0852734636611849,0.055602374679528,0.130777932537704,0.0248565965583174,0.0381454453371394,1046,43439
"K23H01635_6","HG-PanIN","WNT7B_FZD7","WNT","Classical","myCAF",0.0592880134061182,0.152663785727214,0.0230249008754762,0.0650095602294455,0.00679113239255047,1046,43439
"K23H01635_6","HG-PanIN","SHH_PTCH1","Hedgehog","Classical","myCAF",0.0310120862009061,0.105610420482627,0.00910657760983575,0.0487571701720841,0.00285457768364833,1046,43439
"K23H01635_6","HG-PanIN","BMP2_BMPR1A","BMP","Classical","myCAF",0.0522552809070725,0.124957199614562,0.0218523973896646,0.0506692160611855,0.00651488293929418,1046,43439
"K23H01635_6","HG-PanIN","BMP4_BMPR2","BMP","Classical","myCAF",0.0746574174606114,0.0251219128255216,0.221867260689863,0.0105162523900574,0.0656552867239117,1046,43439
"K23H01635_6","HG-PanIN","IL6_IL6R","IL6","Classical","myCAF",0.015859744862638,0.00570758388545342,0.0440696995709579,0.00286806883365201,0.0129837243030456,1046,43439
"K23H01635_6","HG-PanIN","IL1B_IL1R1","IL1","Classical","myCAF",0.128063064505963,0.0220647021229714,0.743275318164585,0.00860420650095602,0.210916457561178,1046,43439
"K23H01635_6","HG-PanIN","CXCL1_CXCR2","Chemokine","Classical","myCAF",0.0177904191832727,0.0778452762914781,0.0040657446385248,0.0334608030592734,0.00117406017633923,1046,43439
"K23H01635_6","HG-PanIN","CCL2_CCR2","Chemokine","Classical","myCAF",0.00971583513863241,0.00974428725868958,0.00968746609526564,0.00382409177820268,0.00296968162250512,1046,43439
"K23H01635_6","HG-PanIN","SPP1_CD44","Matricellular","Classical","myCAF",0.315265571843504,0.172892222528293,0.574880577832511,0.0736137667304015,0.1666935242524,1046,43439
"K23H01635_6","HG-PanIN","TGFB1_TGFBR1","TGFb","Classical","All",0.115979644523257,0.0567482084802673,0.237034406970193,0.0229445506692161,0.0695180222291472,1046,115524
"K23H01635_6","HG-PanIN","TGFB2_TGFBR2","TGFb","Classical","All",0.0644444276729177,0.013137827124496,0.316116525109874,0.00573613766730402,0.0931581316436411,1046,115524
"K23H01635_6","HG-PanIN","PDGFA_PDGFRA","PDGF","Classical","All",0.170007683393565,0.2564617064413,0.112697575064533,0.108030592734226,0.0331186593262006,1046,115524
"K23H01635_6","HG-PanIN","PDGFB_PDGFRB","PDGF","Classical","All",0.171359227037137,0.0732844304934045,0.400685172731303,0.0325047801147228,0.115984557321422,1046,115524
"K23H01635_6","HG-PanIN","HGF_MET","HGF","Classical","All",0.0160701411632814,0.0125179775975079,0.0206302843247782,0.00478011472275335,0.00635365811433122,1046,115524
"K23H01635_6","HG-PanIN","FGF2_FGFR1","FGF","Classical","All",0.0807926142657021,0.019322475202819,0.337816271019679,0.00860420650095602,0.0976939856653163,1046,115524
"K23H01635_6","HG-PanIN","FGF7_FGFR2","FGF","Classical","All",0.0197542892257825,0.0293545124979788,0.0132937633640735,0.0124282982791587,0.0039818565839133,1046,115524
"K23H01635_6","HG-PanIN","VEGFA_KDR","VEGF","Classical","All",0.141555459624283,0.888948306987885,0.0225411848944722,0.3565965583174,0.00682974966240781,1046,115524
"K23H01635_6","HG-PanIN","WNT7A_FZD1","WNT","Classical","All",0.084907447674021,0.055602374679528,0.129657675810939,0.0248565965583174,0.0378795748069665,1046,115524
"K23H01635_6","HG-PanIN","WNT7B_FZD7","WNT","Classical","All",0.0594332560248971,0.152663785727214,0.0231378509637685,0.0650095602294455,0.00678646861258267,1046,115524
"K23H01635_6","HG-PanIN","SHH_PTCH1","Hedgehog","Classical","All",0.033556308226896,0.105610420482627,0.010662071192148,0.0487571701720841,0.00327204736678093,1046,115524
"K23H01635_6","HG-PanIN","BMP2_BMPR1A","BMP","Classical","All",0.0531204268596341,0.124957199614562,0.0225819701342034,0.0506692160611855,0.00673453135279249,1046,115524
"K23H01635_6","HG-PanIN","BMP4_BMPR2","BMP","Classical","All",0.0746432253222021,0.0251219128255216,0.221782916181477,0.0105162523900574,0.0656833212146394,1046,115524
"K23H01635_6","HG-PanIN","IL6_IL6R","IL6","Classical","All",0.0159411710797786,0.00570758388545342,0.0445233816085352,0.00286806883365201,0.0132353450365292,1046,115524
"K23H01635_6","HG-PanIN","IL1B_IL1R1","IL1","Classical","All",0.127880473467119,0.0220647021229714,0.741157320095841,0.00860420650095602,0.210103528271182,1046,115524
"K23H01635_6","HG-PanIN","CXCL1_CXCR2","Chemokine","Classical","All",0.0173774760786256,0.0778452762914781,0.00387919073897954,0.0334608030592734,0.00114261971538382,1046,115524
"K23H01635_6","HG-PanIN","CCL2_CCR2","Chemokine","Classical","All",0.0094428723321416,0.00974428725868958,0.00915078091541367,0.00382409177820268,0.00285654928845954,1046,115524
"K23H01635_6","HG-PanIN","SPP1_CD44","Matricellular","Classical","All",0.31392561694501,0.172892222528293,0.570004199918123,0.0736137667304015,0.165281673072262,1046,115524
"K23H01635_6","HG-PanIN","TGFB1_TGFBR1","TGFb","Basal-like","iCAF",0.110911743348535,0.0521219442984983,0.236012201351546,0.0231788079470199,0.0681311329170384,302,8968
"K23H01635_6","HG-PanIN","TGFB2_TGFBR2","TGFb","Basal-like","iCAF",0.0464933565261621,0.00673315069226291,0.321043193575447,0.0033112582781457,0.0940008920606601,302,8968
"K23H01635_6","HG-PanIN","PDGFA_PDGFRA","PDGF","Basal-like","iCAF",0.163282336896155,0.226780512832466,0.117563547278709,0.0894039735099338,0.0340098126672614,302,8968
"K23H01635_6","HG-PanIN","PDGFB_PDGFRB","PDGF","Basal-like","iCAF",0.156411685260859,0.0577131542431086,0.423900159452179,0.0231788079470199,0.122100802854594,302,8968
"K23H01635_6","HG-PanIN","HGF_MET","HGF","Basal-like","iCAF",0.0197487074023672,0.0240170284056866,0.0162389550229273,0.00993377483443709,0.0050178412132025,302,8968
"K23H01635_6","HG-PanIN","FGF2_FGFR1","FGF","Basal-like","iCAF",0.0558864163508465,0.00918852844453509,0.339912049181037,0.0033112582781457,0.0981266726137377,302,8968
"K23H01635_6","HG-PanIN","FGF7_FGFR2","FGF","Basal-like","iCAF",0.0260449984414309,0.0506249426309394,0.0133993622226757,0.0231788079470199,0.00390276538804639,302,8968
"K23H01635_6","HG-PanIN","VEGFA_KDR","VEGF","Basal-like","iCAF",0.167901515589319,1.03756301988057,0.0271703196789294,0.413907284768212,0.00825156110615522,302,8968
"K23H01635_6","HG-PanIN","WNT7A_FZD1","WNT","Basal-like","iCAF",0.0822031672955285,0.0552694555991463,0.122262118201885,0.0231788079470199,0.0360169491525424,302,8968
"K23H01635_6","HG-PanIN","WNT7B_FZD7","WNT","Basal-like","iCAF",0.0512132943526208,0.118574410547027,0.0221194565197351,0.0496688741721854,0.00657894736842105,302,8968
"K23H01635_6","HG-PanIN","SHH_PTCH1","Hedgehog","Basal-like","iCAF",0.0330270764151071,0.103464289967504,0.0105426498057631,0.0496688741721854,0.00323371989295272,302,8968
"K23H01635_6","HG-PanIN","BMP2_BMPR1A","BMP","Basal-like","iCAF",0.0507999089660171,0.123755894260731,0.0208525886089814,0.0529801324503311,0.00624442462087422,302,8968
"K23H01635_6","HG-PanIN","BMP4_BMPR2","BMP","Basal-like","iCAF",0.0982410740756681,0.0440911095190251,0.218894664725468,0.0198675496688742,0.06478590544157,302,8968
"K23H01635_6","HG-PanIN","IL6_IL6R","IL6","Basal-like","iCAF",0.0167069707583824,0.0054223170374706,0.0514766786952116,0.0033112582781457,0.0154995539696699,302,8968
"K23H01635_6","HG-PanIN","IL1B_IL1R1","IL1","Basal-like","iCAF",0.168770962290518,0.0376247381462095,0.757045473692877,0.0132450331125828,0.214094558429973,302,8968
"K23H01635_6","HG-PanIN","CXCL1_CXCR2","Chemokine","Basal-like","iCAF",0.0160191802597433,0.0781666965629184,0.0032829088023132,0.0364238410596026,0.0010035682426405,302,8968
"K23H01635_6","HG-PanIN","CCL2_CCR2","Chemokine","Basal-like","iCAF",0,0,0.00734301819034109,0,0.00223015165031222,302,8968
"K23H01635_6","HG-PanIN","SPP1_CD44","Matricellular","Basal-like","iCAF",0.298181834938774,0.15925540113803,0.558300729847095,0.0629139072847682,0.161128456735058,302,8968
"K23H01635_6","HG-PanIN","TGFB1_TGFBR1","TGFb","Basal-like","myCAF",0.11159250307901,0.0521219442984983,0.238918308037824,0.0231788079470199,0.0702824650659546,302,43439
"K23H01635_6","HG-PanIN","TGFB2_TGFBR2","TGFb","Basal-like","myCAF",0.0455688241084715,0.00673315069226291,0.308402087749936,0.0033112582781457,0.0911392987868045,302,43439
"K23H01635_6","HG-PanIN","PDGFA_PDGFRA","PDGF","Basal-like","myCAF",0.158618712128314,0.226780512832466,0.110943817539701,0.0894039735099338,0.0325744146964709,302,43439
"K23H01635_6","HG-PanIN","PDGFB_PDGFRB","PDGF","Basal-like","myCAF",0.151443150133181,0.0577131542431086,0.397396885043758,0.0231788079470199,0.114942793342388,302,43439
"K23H01635_6","HG-PanIN","HGF_MET","HGF","Basal-like","myCAF",0.0231619472946504,0.0240170284056866,0.0223373097378334,0.00993377483443709,0.00692925711917862,302,43439
"K23H01635_6","HG-PanIN","FGF2_FGFR1","FGF","Basal-like","myCAF",0.0560765835439692,0.00918852844453509,0.342229252588755,0.0033112582781457,0.0990124082046088,302,43439
"K23H01635_6","HG-PanIN","FGF7_FGFR2","FGF","Basal-like","myCAF",0.0252541362999142,0.0506249426309394,0.0125979678614958,0.0231788079470199,0.00377540919450264,302,43439
"K23H01635_6","HG-PanIN","VEGFA_KDR","VEGF","Basal-like","myCAF",0.150103561827109,1.03756301988057,0.0217153838769024,0.413907284768212,0.0065609245148369,302,43439
"K23H01635_6","HG-PanIN","WNT7A_FZD1","WNT","Basal-like","myCAF",0.0850177930538117,0.0552694555991463,0.130777932537704,0.0231788079470199,0.0381454453371394,302,43439
"K23H01635_6","HG-PanIN","WNT7B_FZD7","WNT","Basal-like","myCAF",0.0522509717537704,0.118574410547027,0.0230249008754762,0.0496688741721854,0.00679113239255047,302,43439
"K23H01635_6","HG-PanIN","SHH_PTCH1","Hedgehog","Basal-like","myCAF",0.0306953675077466,0.103464289967504,0.00910657760983575,0.0496688741721854,0.00285457768364833,302,43439
"K23H01635_6","HG-PanIN","BMP2_BMPR1A","BMP","Basal-like","myCAF",0.0520034900819052,0.123755894260731,0.0218523973896646,0.0529801324503311,0.00651488293929418,302,43439
"K23H01635_6","HG-PanIN","BMP4_BMPR2","BMP","Basal-like","myCAF",0.0989058829886414,0.0440911095190251,0.221867260689863,0.0198675496688742,0.0656552867239117,302,43439
"K23H01635_6","HG-PanIN","IL6_IL6R","IL6","Basal-like","myCAF",0.015458327296956,0.0054223170374706,0.0440696995709579,0.0033112582781457,0.0129837243030456,302,43439
"K23H01635_6","HG-PanIN","IL1B_IL1R1","IL1","Basal-like","myCAF",0.167229002318626,0.0376247381462095,0.743275318164585,0.0132450331125828,0.210916457561178,302,43439
"K23H01635_6","HG-PanIN","CXCL1_CXCR2","Chemokine","Basal-like","myCAF",0.0178271093411658,0.0781666965629184,0.0040657446385248,0.0364238410596026,0.00117406017633923,302,43439
"K23H01635_6","HG-PanIN","CCL2_CCR2","Chemokine","Basal-like","myCAF",0,0,0.00968746609526564,0,0.00296968162250512,302,43439
"K23H01635_6","HG-PanIN","SPP1_CD44","Matricellular","Basal-like","myCAF",0.302576993555655,0.15925540113803,0.574880577832511,0.0629139072847682,0.1666935242524,302,43439
"K23H01635_6","HG-PanIN","TGFB1_TGFBR1","TGFb","Basal-like","All",0.111151671858448,0.0521219442984983,0.237034406970193,0.0231788079470199,0.0695180222291472,302,115524
"K23H01635_6","HG-PanIN","TGFB2_TGFBR2","TGFb","Basal-like","All",0.0461352381578257,0.00673315069226291,0.316116525109874,0.0033112582781457,0.0931581316436411,302,115524
"K23H01635_6","HG-PanIN","PDGFA_PDGFRA","PDGF","Basal-like","All",0.15986748846501,0.226780512832466,0.112697575064533,0.0894039735099338,0.0331186593262006,302,115524
"K23H01635_6","HG-PanIN","PDGFB_PDGFRB","PDGF","Basal-like","All",0.152068422681266,0.0577131542431086,0.400685172731303,0.0231788079470199,0.115984557321422,302,115524
"K23H01635_6","HG-PanIN","HGF_MET","HGF","Basal-like","All",0.0222593379201986,0.0240170284056866,0.0206302843247782,0.00993377483443709,0.00635365811433122,302,115524
"K23H01635_6","HG-PanIN","FGF2_FGFR1","FGF","Basal-like","All",0.0557138619671182,0.00918852844453509,0.337816271019679,0.0033112582781457,0.0976939856653163,302,115524
"K23H01635_6","HG-PanIN","FGF7_FGFR2","FGF","Basal-like","All",0.0259421665952461,0.0506249426309394,0.0132937633640735,0.0231788079470199,0.0039818565839133,302,115524
"K23H01635_6","HG-PanIN","VEGFA_KDR","VEGF","Basal-like","All",0.152931029784,1.03756301988057,0.0225411848944722,0.413907284768212,0.00682974966240781,302,115524
"K23H01635_6","HG-PanIN","WNT7A_FZD1","WNT","Basal-like","All",0.0846528744716988,0.0552694555991463,0.129657675810939,0.0231788079470199,0.0378795748069665,302,115524
"K23H01635_6","HG-PanIN","WNT7B_FZD7","WNT","Basal-like","All",0.0523789751651729,0.118574410547027,0.0231378509637685,0.0496688741721854,0.00678646861258267,302,115524
"K23H01635_6","HG-PanIN","SHH_PTCH1","Hedgehog","Basal-like","All",0.0332136060294357,0.103464289967504,0.010662071192148,0.0496688741721854,0.00327204736678093,302,115524
"K23H01635_6","HG-PanIN","BMP2_BMPR1A","BMP","Basal-like","All",0.0528644673493214,0.123755894260731,0.0225819701342034,0.0529801324503311,0.00673453135279249,302,115524
"K23H01635_6","HG-PanIN","BMP4_BMPR2","BMP","Basal-like","All",0.0988870812937984,0.0440911095190251,0.221782916181477,0.0198675496688742,0.0656833212146394,302,115524
"K23H01635_6","HG-PanIN","IL6_IL6R","IL6","Basal-like","All",0.0155376925784289,0.0054223170374706,0.0445233816085352,0.0033112582781457,0.0132353450365292,302,115524
"K23H01635_6","HG-PanIN","IL1B_IL1R1","IL1","Basal-like","All",0.166990568876666,0.0376247381462095,0.741157320095841,0.0132450331125828,0.210103528271182,302,115524
"K23H01635_6","HG-PanIN","CXCL1_CXCR2","Chemokine","Basal-like","All",0.0174133146012899,0.0781666965629184,0.00387919073897954,0.0364238410596026,0.00114261971538382,302,115524
"K23H01635_6","HG-PanIN","CCL2_CCR2","Chemokine","Basal-like","All",0,0,0.00915078091541367,0,0.00285654928845954,302,115524
"K23H01635_6","HG-PanIN","SPP1_CD44","Matricellular","Basal-like","All",0.301290968182458,0.15925540113803,0.570004199918123,0.0629139072847682,0.165281673072262,302,115524
"K23H01635_6","HG-PanIN","TGFB1_TGFBR1","TGFb","All","iCAF",0.12481532122626,0.0660087246489826,0.236012201351546,0.0282310282310282,0.0681311329170384,3861,8968
"K23H01635_6","HG-PanIN","TGFB2_TGFBR2","TGFb","All","iCAF",0.0655340422736375,0.0133773609989761,0.321043193575447,0.00595700595700596,0.0940008920606601,3861,8968
"K23H01635_6","HG-PanIN","PDGFA_PDGFRA","PDGF","All","iCAF",0.173312612304764,0.255498088303612,0.117563547278709,0.108262108262108,0.0340098126672614,3861,8968
"K23H01635_6","HG-PanIN","PDGFB_PDGFRB","PDGF","All","iCAF",0.151369927409217,0.0540524800780509,0.423900159452179,0.0238280238280238,0.122100802854594,3861,8968
"K23H01635_6","HG-PanIN","HGF_MET","HGF","All","iCAF",0.0159019855179672,0.0155720083623985,0.0162389550229273,0.00621600621600622,0.0050178412132025,3861,8968
"K23H01635_6","HG-PanIN","FGF2_FGFR1","FGF","All","iCAF",0.0915334356184312,0.0246486403065141,0.339912049181037,0.0103600103600104,0.0981266726137377,3861,8968
"K23H01635_6","HG-PanIN","FGF7_FGFR2","FGF","All","iCAF",0.0207220238904354,0.0320464710916688,0.0133993622226757,0.0134680134680135,0.00390276538804639,3861,8968
"K23H01635_6","HG-PanIN","VEGFA_KDR","VEGF","All","iCAF",0.158656018554201,0.926442254670694,0.0271703196789294,0.368298368298368,0.00825156110615522,3861,8968
"K23H01635_6","HG-PanIN","WNT7A_FZD1","WNT","All","iCAF",0.0841010184772408,0.057850963265907,0.122262118201885,0.0259000259000259,0.0360169491525424,3861,8968
"K23H01635_6","HG-PanIN","WNT7B_FZD7","WNT","All","iCAF",0.054510559260327,0.134334271197962,0.0221194565197351,0.058016058016058,0.00657894736842105,3861,8968
"K23H01635_6","HG-PanIN","SHH_PTCH1","Hedgehog","All","iCAF",0.0336304693504397,0.107279335799678,0.0105426498057631,0.0484330484330484,0.00323371989295272,3861,8968
"K23H01635_6","HG-PanIN","BMP2_BMPR1A","BMP","All","iCAF",0.0499857221661326,0.119820731484323,0.0208525886089814,0.0502460502460502,0.00624442462087422,3861,8968
"K23H01635_6","HG-PanIN","BMP4_BMPR2","BMP","All","iCAF",0.073260597466106,0.0245191683763609,0.218894664725468,0.0106190106190106,0.06478590544157,3861,8968
"K23H01635_6","HG-PanIN","IL6_IL6R","IL6","All","iCAF",0.0191440188559773,0.00711960187113057,0.0514766786952116,0.00336700336700337,0.0154995539696699,3861,8968
"K23H01635_6","HG-PanIN","IL1B_IL1R1","IL1","All","iCAF",0.164818332541809,0.0358830264308308,0.757045473692877,0.013986013986014,0.214094558429973,3861,8968
"K23H01635_6","HG-PanIN","CXCL1_CXCR2","Chemokine","All","iCAF",0.0161631507538382,0.0795780382650962,0.0032829088023132,0.0336700336700337,0.0010035682426405,3861,8968
"K23H01635_6","HG-PanIN","CCL2_CCR2","Chemokine","All","iCAF",0.00826496557624922,0.00930266740540534,0.00734301819034109,0.00388500388500389,0.00223015165031222,3861,8968
"K23H01635_6","HG-PanIN","SPP1_CD44","Matricellular","All","iCAF",0.303261456953679,0.164727549789978,0.558300729847095,0.0694120694120694,0.161128456735058,3861,8968
"K23H01635_6","HG-PanIN","TGFB1_TGFBR1","TGFb","All","myCAF",0.125581419043064,0.0660087246489826,0.238918308037824,0.0282310282310282,0.0702824650659546,3861,43439
"K23H01635_6","HG-PanIN","TGFB2_TGFBR2","TGFb","All","myCAF",0.0642308808959428,0.0133773609989761,0.308402087749936,0.00595700595700596,0.0911392987868045,3861,43439
"K23H01635_6","HG-PanIN","PDGFA_PDGFRA","PDGF","All","myCAF",0.168362505595808,0.255498088303612,0.110943817539701,0.108262108262108,0.0325744146964709,3861,43439
"K23H01635_6","HG-PanIN","PDGFB_PDGFRB","PDGF","All","myCAF",0.146561547521535,0.0540524800780509,0.397396885043758,0.0238280238280238,0.114942793342388,3861,43439
"K23H01635_6","HG-PanIN","HGF_MET","HGF","All","myCAF",0.0186503826778709,0.0155720083623985,0.0223373097378334,0.00621600621600622,0.00692925711917862,3861,43439
"K23H01635_6","HG-PanIN","FGF2_FGFR1","FGF","All","myCAF",0.0918449005085605,0.0246486403065141,0.342229252588755,0.0103600103600104,0.0990124082046088,3861,43439
"K23H01635_6","HG-PanIN","FGF7_FGFR2","FGF","All","myCAF",0.0200927950491513,0.0320464710916688,0.0125979678614958,0.0134680134680135,0.00377540919450264,3861,43439
"K23H01635_6","HG-PanIN","VEGFA_KDR","VEGF","All","myCAF",0.141838109124301,0.926442254670694,0.0217153838769024,0.368298368298368,0.0065609245148369,3861,43439
"K23H01635_6","HG-PanIN","WNT7A_FZD1","WNT","All","myCAF",0.0869806264131844,0.057850963265907,0.130777932537704,0.0259000259000259,0.0381454453371394,3861,43439
"K23H01635_6","HG-PanIN","WNT7B_FZD7","WNT","All","myCAF",0.0556150454329798,0.134334271197962,0.0230249008754762,0.058016058016058,0.00679113239255047,3861,43439
"K23H01635_6","HG-PanIN","SHH_PTCH1","Hedgehog","All","myCAF",0.0312561609509453,0.107279335799678,0.00910657760983575,0.0484330484330484,0.00285457768364833,3861,43439
"K23H01635_6","HG-PanIN","BMP2_BMPR1A","BMP","All","myCAF",0.0511700130927843,0.119820731484323,0.0218523973896646,0.0502460502460502,0.00651488293929418,3861,43439
"K23H01635_6","HG-PanIN","BMP4_BMPR2","BMP","All","myCAF",0.0737563605532207,0.0245191683763609,0.221867260689863,0.0106190106190106,0.0656552867239117,3861,43439
"K23H01635_6","HG-PanIN","IL6_IL6R","IL6","All","myCAF",0.0177132356029483,0.00711960187113057,0.0440696995709579,0.00336700336700337,0.0129837243030456,3861,43439
"K23H01635_6","HG-PanIN","IL1B_IL1R1","IL1","All","myCAF",0.163312485398649,0.0358830264308308,0.743275318164585,0.013986013986014,0.210916457561178,3861,43439
"K23H01635_6","HG-PanIN","CXCL1_CXCR2","Chemokine","All","myCAF",0.0179873283847445,0.0795780382650962,0.0040657446385248,0.0336700336700337,0.00117406017633923,3861,43439
"K23H01635_6","HG-PanIN","CCL2_CCR2","Chemokine","All","myCAF",0.00949311724805909,0.00930266740540534,0.00968746609526564,0.00388500388500389,0.00296968162250512,3861,43439
"K23H01635_6","HG-PanIN","SPP1_CD44","Matricellular","All","myCAF",0.307731488489878,0.164727549789978,0.574880577832511,0.0694120694120694,0.1666935242524,3861,43439
"K23H01635_6","HG-PanIN","TGFB1_TGFBR1","TGFb","All","All",0.125085326485685,0.0660087246489826,0.237034406970193,0.0282310282310282,0.0695180222291472,3861,115524
"K23H01635_6","HG-PanIN","TGFB2_TGFBR2","TGFb","All","All",0.0650292616760844,0.0133773609989761,0.316116525109874,0.00595700595700596,0.0931581316436411,3861,115524
"K23H01635_6","HG-PanIN","PDGFA_PDGFRA","PDGF","All","All",0.169687993050306,0.255498088303612,0.112697575064533,0.108262108262108,0.0331186593262006,3861,115524
"K23H01635_6","HG-PanIN","PDGFB_PDGFRB","PDGF","All","All",0.14716666509991,0.0540524800780509,0.400685172731303,0.0238280238280238,0.115984557321422,3861,115524
"K23H01635_6","HG-PanIN","HGF_MET","HGF","All","All",0.0179235866953047,0.0155720083623985,0.0206302843247782,0.00621600621600622,0.00635365811433122,3861,115524
"K23H01635_6","HG-PanIN","FGF2_FGFR1","FGF","All","All",0.0912508178267568,0.0246486403065141,0.337816271019679,0.0103600103600104,0.0976939856653163,3861,115524
"K23H01635_6","HG-PanIN","FGF7_FGFR2","FGF","All","All",0.0206402084133438,0.0320464710916688,0.0132937633640735,0.0134680134680135,0.0039818565839133,3861,115524
"K23H01635_6","HG-PanIN","VEGFA_KDR","VEGF","All","All",0.144509882556813,0.926442254670694,0.0225411848944722,0.368298368298368,0.00682974966240781,3861,115524
"K23H01635_6","HG-PanIN","WNT7A_FZD1","WNT","All","All",0.0866072828374237,0.057850963265907,0.129657675810939,0.0259000259000259,0.0378795748069665,3861,115524
"K23H01635_6","HG-PanIN","WNT7B_FZD7","WNT","All","All",0.0557512900864625,0.134334271197962,0.0231378509637685,0.058016058016058,0.00678646861258267,3861,115524
"K23H01635_6","HG-PanIN","SHH_PTCH1","Hedgehog","All","All",0.0338204067944564,0.107279335799678,0.010662071192148,0.0484330484330484,0.00327204736678093,3861,115524
"K23H01635_6","HG-PanIN","BMP2_BMPR1A","BMP","All","All",0.0520171911951941,0.119820731484323,0.0225819701342034,0.0502460502460502,0.00673453135279249,3861,115524
"K23H01635_6","HG-PanIN","BMP4_BMPR2","BMP","All","All",0.0737423397028734,0.0245191683763609,0.221782916181477,0.0106190106190106,0.0656833212146394,3861,115524
"K23H01635_6","HG-PanIN","IL6_IL6R","IL6","All","All",0.0178041779088277,0.00711960187113057,0.0445233816085352,0.00336700336700337,0.0132353450365292,3861,115524
"K23H01635_6","HG-PanIN","IL1B_IL1R1","IL1","All","All",0.163079636087412,0.0358830264308308,0.741157320095841,0.013986013986014,0.210103528271182,3861,115524
"K23H01635_6","HG-PanIN","CXCL1_CXCR2","Chemokine","All","All",0.017569814713426,0.0795780382650962,0.00387919073897954,0.0336700336700337,0.00114261971538382,3861,115524
"K23H01635_6","HG-PanIN","CCL2_CCR2","Chemokine","All","All",0.00922641161859929,0.00930266740540534,0.00915078091541367,0.00388500388500389,0.00285654928845954,3861,115524
"K23H01635_6","HG-PanIN","SPP1_CD44","Matricellular","All","All",0.306423555267067,0.164727549789978,0.570004199918123,0.0694120694120694,0.165281673072262,3861,115524
"7531-22H03674_11","LG-PanIN","TGFB1_TGFBR1","TGFb","Classical","iCAF",0.0664096939550758,0.0428526662687726,0.10291652387615,0.0151860288534548,0.029243937232525,1317,4206
"7531-22H03674_11","LG-PanIN","TGFB2_TGFBR2","TGFb","Classical","iCAF",0.0875990512462071,0.0172558614344539,0.444694911835242,0.00683371298405467,0.122444127436995,1317,4206
"7531-22H03674_11","LG-PanIN","PDGFA_PDGFRA","PDGF","Classical","iCAF",0.228117929338259,0.471571823001116,0.110349658625494,0.163249810174639,0.0311459819305754,1317,4206
"7531-22H03674_11","LG-PanIN","PDGFB_PDGFRB","PDGF","Classical","iCAF",0.0818250315369683,0.02642187490962,0.253401237002607,0.00987091875474563,0.0722776985259154,1317,4206
"7531-22H03674_11","LG-PanIN","HGF_MET","HGF","Classical","iCAF",0,0,0.02971058321976,0,0.00855920114122682,1317,4206
"7531-22H03674_11","LG-PanIN","FGF2_FGFR1","FGF","Classical","iCAF",0,0,0.0746421392309167,0,0.0211602472658107,1317,4206
"7531-22H03674_11","LG-PanIN","FGF7_FGFR2","FGF","Classical","iCAF",0.0276953496548445,0.0237556759623693,0.0322883842042267,0.00911161731207289,0.00951022349025202,1317,4206
"7531-22H03674_11","LG-PanIN","VEGFA_KDR","VEGF","Classical","iCAF",0.0987668605081644,0.442797250954563,0.022030156496252,0.154897494305239,0.00618164526866381,1317,4206
"7531-22H03674_11","LG-PanIN","WNT7A_FZD1","WNT","Classical","iCAF",0,0,0.0411775514359097,0,0.011887779362815,1317,4206
"7531-22H03674_11","LG-PanIN","WNT7B_FZD7","WNT","Classical","iCAF",0.00718684800077007,0.00207462069737841,0.0248964951768973,0.000759301442672741,0.00713266761768902,1317,4206
"7531-22H03674_11","LG-PanIN","SHH_PTCH1","Hedgehog","Classical","iCAF",0.0521752212227324,0.0347706997219288,0.0782915998645901,0.0129081245254366,0.0218735140275796,1317,4206
"7531-22H03674_11","LG-PanIN","BMP2_BMPR1A","BMP","Classical","iCAF",0.0763315302494475,0.126321316734158,0.046124459915852,0.0455580865603645,0.0130765572990965,1317,4206
"7531-22H03674_11","LG-PanIN","BMP4_BMPR2","BMP","Classical","iCAF",0.0965096763523311,0.0416330958304534,0.22371907358421,0.0151860288534548,0.0630052306229196,1317,4206
"7531-22H03674_11","LG-PanIN","IL6_IL6R","IL6","Classical","iCAF",0,0,0.0294595920754509,0,0.00832144555397052,1317,4206
"7531-22H03674_11","LG-PanIN","IL1B_IL1R1","IL1","Classical","iCAF",0.0174374379835681,0.00421128117632886,0.0722023134289616,0.00151860288534548,0.0199714693295292,1317,4206
"7531-22H03674_11","LG-PanIN","CXCL1_CXCR2","Chemokine","Classical","iCAF",0.0143964598121719,0.0470869689845285,0.00440160111370899,0.0167046317388003,0.0011887779362815,1317,4206
"7531-22H03674_11","LG-PanIN","CCL2_CCR2","Chemokine","Classical","iCAF",0.0290445776985944,0.0382535220961746,0.0220525443792807,0.0136674259681093,0.00689491203043271,1317,4206
"7531-22H03674_11","LG-PanIN","SPP1_CD44","Matricellular","Classical","iCAF",0.169954674051538,0.046427947851295,0.622138013174299,0.0151860288534548,0.172372800760818,1317,4206
"7531-22H03674_11","LG-PanIN","TGFB1_TGFBR1","TGFb","Classical","myCAF",0.0635228953422835,0.0428526662687726,0.0941635278271397,0.0151860288534548,0.0268623244929797,1317,20512
"7531-22H03674_11","LG-PanIN","TGFB2_TGFBR2","TGFb","Classical","myCAF",0.0919375967794664,0.0172558614344539,0.489834815473602,0.00683371298405467,0.136017940717629,1317,20512
"7531-22H03674_11","LG-PanIN","PDGFA_PDGFRA","PDGF","Classical","myCAF",0.220105202504356,0.471571823001116,0.102733661780655,0.163249810174639,0.0292999219968799,1317,20512
"7531-22H03674_11","LG-PanIN","PDGFB_PDGFRB","PDGF","Classical","myCAF",0.0822396028542782,0.02642187490962,0.255975486250104,0.00987091875474563,0.0721528861154446,1317,20512
"7531-22H03674_11","LG-PanIN","HGF_MET","HGF","Classical","myCAF",0,0,0.0248100491616362,0,0.00697152886115445,1317,20512
"7531-22H03674_11","LG-PanIN","FGF2_FGFR1","FGF","Classical","myCAF",0,0,0.0591092650898495,0,0.0166731669266771,1317,20512
"7531-22H03674_11","LG-PanIN","FGF7_FGFR2","FGF","Classical","myCAF",0.0324536054500474,0.0237556759623693,0.0443362044664924,0.00911161731207289,0.0125780031201248,1317,20512
"7531-22H03674_11","LG-PanIN","VEGFA_KDR","VEGF","Classical","myCAF",0.091142987347259,0.442797250954563,0.0187603787617802,0.154897494305239,0.00546021840873635,1317,20512
"7531-22H03674_11","LG-PanIN","WNT7A_FZD1","WNT","Classical","myCAF",0,0,0.039415035044165,0,0.0112129485179407,1317,20512
"7531-22H03674_11","LG-PanIN","WNT7B_FZD7","WNT","Classical","myCAF",0.00675879804755039,0.00207462069737841,0.022019133957979,0.000759301442672741,0.0062890015600624,1317,20512
"7531-22H03674_11","LG-PanIN","SHH_PTCH1","Hedgehog","Classical","myCAF",0.0514935149047557,0.0347706997219288,0.0762590945379803,0.0129081245254366,0.0215971138845554,1317,20512
"7531-22H03674_11","LG-PanIN","BMP2_BMPR1A","BMP","Classical","myCAF",0.0767113771044905,0.126321316734158,0.0465846583095037,0.0455580865603645,0.0135042901716069,1317,20512
"7531-22H03674_11","LG-PanIN","BMP4_BMPR2","BMP","Classical","myCAF",0.0891772789809563,0.0416330958304534,0.191015991672429,0.0151860288534548,0.0544559282371295,1317,20512
"7531-22H03674_11","LG-PanIN","IL6_IL6R","IL6","Classical","myCAF",0,0,0.0240672509010143,0,0.00687402496099844,1317,20512
"7531-22H03674_11","LG-PanIN","IL1B_IL1R1","IL1","Classical","myCAF",0.0165827387833006,0.00421128117632886,0.0652977595276357,0.00151860288534548,0.0185744929797192,1317,20512
"7531-22H03674_11","LG-PanIN","CXCL1_CXCR2","Chemokine","Classical","myCAF",0.015792775457935,0.0470869689845285,0.00529683184208999,0.0167046317388003,0.0015113104524181,1317,20512
"7531-22H03674_11","LG-PanIN","CCL2_CCR2","Chemokine","Classical","myCAF",0.0341935728006015,0.0382535220961746,0.0305645168549579,0.0136674259681093,0.00906786271450858,1317,20512
"7531-22H03674_11","LG-PanIN","SPP1_CD44","Matricellular","Classical","myCAF",0.177961443128254,0.046427947851295,0.682138166901714,0.0151860288534548,0.188913806552262,1317,20512
"7531-22H03674_11","LG-PanIN","TGFB1_TGFBR1","TGFb","Classical","All",0.0648086556577992,0.0428526662687726,0.0980140143865892,0.0151860288534548,0.0280706234268413,1317,54826
"7531-22H03674_11","LG-PanIN","TGFB2_TGFBR2","TGFb","Classical","All",0.091114605001822,0.0172558614344539,0.481104422179824,0.00683371298405467,0.133586254696677,1317,54826
"7531-22H03674_11","LG-PanIN","PDGFA_PDGFRA","PDGF","Classical","All",0.225638164351396,0.471571823001116,0.107963577823323,0.163249810174639,0.0308795097216649,1317,54826
"7531-22H03674_11","LG-PanIN","PDGFB_PDGFRB","PDGF","Classical","All",0.0821583291941799,0.02642187490962,0.255469798379888,0.00987091875474563,0.0726480137161201,1317,54826
"7531-22H03674_11","LG-PanIN","HGF_MET","HGF","Classical","All",0,0,0.0245945396544362,0,0.0070039762156641,1317,54826
"7531-22H03674_11","LG-PanIN","FGF2_FGFR1","FGF","Classical","All",0,0,0.0638049298964208,0,0.018075365702404,1317,54826
"7531-22H03674_11","LG-PanIN","FGF7_FGFR2","FGF","Classical","All",0.0310216905269718,0.0237556759623693,0.0405101199677766,0.00911161731207289,0.0116732936927735,1317,54826
"7531-22H03674_11","LG-PanIN","VEGFA_KDR","VEGF","Classical","All",0.0912667233740991,0.442797250954563,0.0188113516456746,0.154897494305239,0.00552657498267245,1317,54826
"7531-22H03674_11","LG-PanIN","WNT7A_FZD1","WNT","Classical","All",0,0,0.0404602481623356,0,0.0115273775216138,1317,54826
"7531-22H03674_11","LG-PanIN","WNT7B_FZD7","WNT","Classical","All",0.00650565942903184,0.00207462069737841,0.0204006470484138,0.000759301442672741,0.00585488636778171,1317,54826
"7531-22H03674_11","LG-PanIN","SHH_PTCH1","Hedgehog","Classical","All",0.050969909878301,0.0347706997219288,0.0747161182771279,0.0129081245254366,0.021139605296757,1317,54826
"7531-22H03674_11","LG-PanIN","BMP2_BMPR1A","BMP","Classical","All",0.0792748410505794,0.126321316734158,0.0497501180803893,0.0455580865603645,0.0143362638164375,1317,54826
"7531-22H03674_11","LG-PanIN","BMP4_BMPR2","BMP","Classical","All",0.0896205440010815,0.0416330958304534,0.192919641137394,0.0151860288534548,0.0548644803560355,1317,54826
"7531-22H03674_11","LG-PanIN","IL6_IL6R","IL6","Classical","All",0,0,0.0231508674387059,0,0.00665742530915989,1317,54826
"7531-22H03674_11","LG-PanIN","IL1B_IL1R1","IL1","Classical","All",0.0163960047550645,0.00421128117632886,0.0638354364555741,0.00151860288534548,0.0180024076168241,1317,54826
"7531-22H03674_11","LG-PanIN","CXCL1_CXCR2","Chemokine","Classical","All",0.0138642708242943,0.0470869689845285,0.00408219109521652,0.0167046317388003,0.00114908984788239,1317,54826
"7531-22H03674_11","LG-PanIN","CCL2_CCR2","Chemokine","Classical","All",0.0326281434518441,0.0382535220961746,0.0278300058864534,0.0136674259681093,0.00831722175610112,1317,54826
"7531-22H03674_11","LG-PanIN","SPP1_CD44","Matricellular","Classical","All",0.176273165066379,0.046427947851295,0.669256991974766,0.0151860288534548,0.185350016415569,1317,54826
"7531-22H03674_11","LG-PanIN","TGFB1_TGFBR1","TGFb","Basal-like","iCAF",0.054588653721994,0.028954739267776,0.10291652387615,0.0110192837465565,0.029243937232525,363,4206
"7531-22H03674_11","LG-PanIN","TGFB2_TGFBR2","TGFb","Basal-like","iCAF",0.088675038580337,0.0176823756196643,0.444694911835242,0.00550964187327824,0.122444127436995,363,4206
"7531-22H03674_11","LG-PanIN","PDGFA_PDGFRA","PDGF","Basal-like","iCAF",0.252207482347292,0.576427828996147,0.110349658625494,0.195592286501377,0.0311459819305754,363,4206
"7531-22H03674_11","LG-PanIN","PDGFB_PDGFRB","PDGF","Basal-like","iCAF",0.0895930531548296,0.0316767008265298,0.253401237002607,0.0110192837465565,0.0722776985259154,363,4206
"7531-22H03674_11","LG-PanIN","HGF_MET","HGF","Basal-like","iCAF",0,0,0.02971058321976,0,0.00855920114122682,363,4206
"7531-22H03674_11","LG-PanIN","FGF2_FGFR1","FGF","Basal-like","iCAF",0,0,0.0746421392309167,0,0.0211602472658107,363,4206
"7531-22H03674_11","LG-PanIN","FGF7_FGFR2","FGF","Basal-like","iCAF",0.0148046253443597,0.00678810466948563,0.0322883842042267,0.00275482093663912,0.00951022349025202,363,4206
"7531-22H03674_11","LG-PanIN","VEGFA_KDR","VEGF","Basal-like","iCAF",0.0831562603339809,0.313886269210536,0.022030156496252,0.112947658402204,0.00618164526866381,363,4206
"7531-22H03674_11","LG-PanIN","WNT7A_FZD1","WNT","Basal-like","iCAF",0.0156694613021605,0.0059627639074669,0.0411775514359097,0.00275482093663912,0.011887779362815,363,4206
"7531-22H03674_11","LG-PanIN","WNT7B_FZD7","WNT","Basal-like","iCAF",0,0,0.0248964951768973,0,0.00713266761768902,363,4206
"7531-22H03674_11","LG-PanIN","SHH_PTCH1","Hedgehog","Basal-like","iCAF",0.0355244613253757,0.0161190645566165,0.0782915998645901,0.00550964187327824,0.0218735140275796,363,4206
"7531-22H03674_11","LG-PanIN","BMP2_BMPR1A","BMP","Basal-like","iCAF",0.0866934580132426,0.162945120138108,0.046124459915852,0.0578512396694215,0.0130765572990965,363,4206
"7531-22H03674_11","LG-PanIN","BMP4_BMPR2","BMP","Basal-like","iCAF",0.122723786027076,0.0673216074763977,0.22371907358421,0.0247933884297521,0.0630052306229196,363,4206
"7531-22H03674_11","LG-PanIN","IL6_IL6R","IL6","Basal-like","iCAF",0,0,0.0294595920754509,0,0.00832144555397052,363,4206
"7531-22H03674_11","LG-PanIN","IL1B_IL1R1","IL1","Basal-like","iCAF",0,0,0.0722023134289616,0,0.0199714693295292,363,4206
"7531-22H03674_11","LG-PanIN","CXCL1_CXCR2","Chemokine","Basal-like","iCAF",0.00822651197873326,0.0153752004300125,0.00440160111370899,0.00550964187327824,0.0011887779362815,363,4206
"7531-22H03674_11","LG-PanIN","CCL2_CCR2","Chemokine","Basal-like","iCAF",0.0268142487666227,0.0326041260614743,0.0220525443792807,0.0110192837465565,0.00689491203043271,363,4206
"7531-22H03674_11","LG-PanIN","SPP1_CD44","Matricellular","Basal-like","iCAF",0.25181333471506,0.101922650919184,0.622138013174299,0.0358126721763085,0.172372800760818,363,4206
"7531-22H03674_11","LG-PanIN","TGFB1_TGFBR1","TGFb","Basal-like","myCAF",0.0522157102486292,0.028954739267776,0.0941635278271397,0.0110192837465565,0.0268623244929797,363,20512
"7531-22H03674_11","LG-PanIN","TGFB2_TGFBR2","TGFb","Basal-like","myCAF",0.0930668748738948,0.0176823756196643,0.489834815473602,0.00550964187327824,0.136017940717629,363,20512
"7531-22H03674_11","LG-PanIN","PDGFA_PDGFRA","PDGF","Basal-like","myCAF",0.243348601033677,0.576427828996147,0.102733661780655,0.195592286501377,0.0292999219968799,363,20512
"7531-22H03674_11","LG-PanIN","PDGFB_PDGFRB","PDGF","Basal-like","myCAF",0.0900469816088802,0.0316767008265298,0.255975486250104,0.0110192837465565,0.0721528861154446,363,20512
"7531-22H03674_11","LG-PanIN","HGF_MET","HGF","Basal-like","myCAF",0,0,0.0248100491616362,0,0.00697152886115445,363,20512
"7531-22H03674_11","LG-PanIN","FGF2_FGFR1","FGF","Basal-like","myCAF",0,0,0.0591092650898495,0,0.0166731669266771,363,20512
"7531-22H03674_11","LG-PanIN","FGF7_FGFR2","FGF","Basal-like","myCAF",0.0173481640690382,0.00678810466948563,0.0443362044664924,0.00275482093663912,0.0125780031201248,363,20512
"7531-22H03674_11","LG-PanIN","VEGFA_KDR","VEGF","Basal-like","myCAF",0.0767373787571074,0.313886269210536,0.0187603787617802,0.112947658402204,0.00546021840873635,363,20512
"7531-22H03674_11","LG-PanIN","WNT7A_FZD1","WNT","Basal-like","myCAF",0.015330445145947,0.0059627639074669,0.039415035044165,0.00275482093663912,0.0112129485179407,363,20512
"7531-22H03674_11","LG-PanIN","WNT7B_FZD7","WNT","Basal-like","myCAF",0,0,0.022019133957979,0,0.0062890015600624,363,20512
"7531-22H03674_11","LG-PanIN","SHH_PTCH1","Hedgehog","Basal-like","myCAF",0.0350603090101445,0.0161190645566165,0.0762590945379803,0.00550964187327824,0.0215971138845554,363,20512
"7531-22H03674_11","LG-PanIN","BMP2_BMPR1A","BMP","Basal-like","myCAF",0.0871248686933576,0.162945120138108,0.0465846583095037,0.0578512396694215,0.0135042901716069,363,20512
"7531-22H03674_11","LG-PanIN","BMP4_BMPR2","BMP","Basal-like","myCAF",0.113399751380178,0.0673216074763977,0.191015991672429,0.0247933884297521,0.0544559282371295,363,20512
"7531-22H03674_11","LG-PanIN","IL6_IL6R","IL6","Basal-like","myCAF",0,0,0.0240672509010143,0,0.00687402496099844,363,20512
"7531-22H03674_11","LG-PanIN","IL1B_IL1R1","IL1","Basal-like","myCAF",0,0,0.0652977595276357,0,0.0185744929797192,363,20512
"7531-22H03674_11","LG-PanIN","CXCL1_CXCR2","Chemokine","Basal-like","myCAF",0.00902440309473185,0.0153752004300125,0.00529683184208999,0.00550964187327824,0.0015113104524181,363,20512
"7531-22H03674_11","LG-PanIN","CCL2_CCR2","Chemokine","Basal-like","myCAF",0.0315678532774578,0.0326041260614743,0.0305645168549579,0.0110192837465565,0.00906786271450858,363,20512
"7531-22H03674_11","LG-PanIN","SPP1_CD44","Matricellular","Basal-like","myCAF",0.263676563736285,0.101922650919184,0.682138166901714,0.0358126721763085,0.188913806552262,363,20512
"7531-22H03674_11","LG-PanIN","TGFB1_TGFBR1","TGFb","Basal-like","All",0.0532726030070968,0.028954739267776,0.0980140143865892,0.0110192837465565,0.0280706234268413,363,54826
"7531-22H03674_11","LG-PanIN","TGFB2_TGFBR2","TGFb","Basal-like","All",0.0922337742113225,0.0176823756196643,0.481104422179824,0.00550964187327824,0.133586254696677,363,54826
"7531-22H03674_11","LG-PanIN","PDGFA_PDGFRA","PDGF","Basal-like","All",0.249465850920231,0.576427828996147,0.107963577823323,0.195592286501377,0.0308795097216649,363,54826
"7531-22H03674_11","LG-PanIN","PDGFB_PDGFRB","PDGF","Basal-like","All",0.0899579922713573,0.0316767008265298,0.255469798379888,0.0110192837465565,0.0726480137161201,363,54826
"7531-22H03674_11","LG-PanIN","HGF_MET","HGF","Basal-like","All",0,0,0.0245945396544362,0,0.0070039762156641,363,54826
"7531-22H03674_11","LG-PanIN","FGF2_FGFR1","FGF","Basal-like","All",0,0,0.0638049298964208,0,0.018075365702404,363,54826
"7531-22H03674_11","LG-PanIN","FGF7_FGFR2","FGF","Basal-like","All",0.0165827300078934,0.00678810466948563,0.0405101199677766,0.00275482093663912,0.0116732936927735,363,54826
"7531-22H03674_11","LG-PanIN","VEGFA_KDR","VEGF","Basal-like","All",0.0768415576811682,0.313886269210536,0.0188113516456746,0.112947658402204,0.00552657498267245,363,54826
"7531-22H03674_11","LG-PanIN","WNT7A_FZD1","WNT","Basal-like","All",0.0155323825419518,0.0059627639074669,0.0404602481623356,0.00275482093663912,0.0115273775216138,363,54826
"7531-22H03674_11","LG-PanIN","WNT7B_FZD7","WNT","Basal-like","All",0,0,0.0204006470484138,0,0.00585488636778171,363,54826
"7531-22H03674_11","LG-PanIN","SHH_PTCH1","Hedgehog","Basal-like","All",0.0347038028741637,0.0161190645566165,0.0747161182771279,0.00550964187327824,0.021139605296757,363,54826
"7531-22H03674_11","LG-PanIN","BMP2_BMPR1A","BMP","Basal-like","All",0.0900363202685122,0.162945120138108,0.0497501180803893,0.0578512396694215,0.0143362638164375,363,54826
"7531-22H03674_11","LG-PanIN","BMP4_BMPR2","BMP","Basal-like","All",0.113963416740369,0.0673216074763977,0.192919641137394,0.0247933884297521,0.0548644803560355,363,54826
"7531-22H03674_11","LG-PanIN","IL6_IL6R","IL6","Basal-like","All",0,0,0.0231508674387059,0,0.00665742530915989,363,54826
"7531-22H03674_11","LG-PanIN","IL1B_IL1R1","IL1","Basal-like","All",0,0,0.0638354364555741,0,0.0180024076168241,363,54826
"7531-22H03674_11","LG-PanIN","CXCL1_CXCR2","Chemokine","Basal-like","All",0.00792240533440231,0.0153752004300125,0.00408219109521652,0.00550964187327824,0.00114908984788239,363,54826
"7531-22H03674_11","LG-PanIN","CCL2_CCR2","Chemokine","Basal-like","All",0.0301226330225878,0.0326041260614743,0.0278300058864534,0.0110192837465565,0.00831722175610112,363,54826
"7531-22H03674_11","LG-PanIN","SPP1_CD44","Matricellular","Basal-like","All",0.261175126626306,0.101922650919184,0.669256991974766,0.0358126721763085,0.185350016415569,363,54826
"7531-22H03674_11","LG-PanIN","TGFB1_TGFBR1","TGFb","All","iCAF",0.0655123673072903,0.041702441051839,0.10291652387615,0.0152388797364086,0.029243937232525,4856,4206
"7531-22H03674_11","LG-PanIN","TGFB2_TGFBR2","TGFb","All","iCAF",0.0876812179811414,0.0172882481495646,0.444694911835242,0.00617792421746293,0.122444127436995,4856,4206
"7531-22H03674_11","LG-PanIN","PDGFA_PDGFRA","PDGF","All","iCAF",0.232152302801515,0.488399260744021,0.110349658625494,0.169069192751236,0.0311459819305754,4856,4206
"7531-22H03674_11","LG-PanIN","PDGFB_PDGFRB","PDGF","All","iCAF",0.0866727541147262,0.029645341888187,0.253401237002607,0.0107084019769358,0.0722776985259154,4856,4206
"7531-22H03674_11","LG-PanIN","HGF_MET","HGF","All","iCAF",0,0,0.02971058321976,0,0.00855920114122682,4856,4206
"7531-22H03674_11","LG-PanIN","FGF2_FGFR1","FGF","All","iCAF",0,0,0.0746421392309167,0,0.0211602472658107,4856,4206
"7531-22H03674_11","LG-PanIN","FGF7_FGFR2","FGF","All","iCAF",0.0266031303769937,0.0219189211011271,0.0322883842042267,0.00782537067545305,0.00951022349025202,4856,4206
"7531-22H03674_11","LG-PanIN","VEGFA_KDR","VEGF","All","iCAF",0.094747598568064,0.407491768655492,0.022030156496252,0.143533772652389,0.00618164526866381,4856,4206
"7531-22H03674_11","LG-PanIN","WNT7A_FZD1","WNT","All","iCAF",0.00961175690554746,0.00224359797000393,0.0411775514359097,0.000823723228995058,0.011887779362815,4856,4206
"7531-22H03674_11","LG-PanIN","WNT7B_FZD7","WNT","All","iCAF",0.0130792995525402,0.00687117104514462,0.0248964951768973,0.00247116968698517,0.00713266761768902,4856,4206
"7531-22H03674_11","LG-PanIN","SHH_PTCH1","Hedgehog","All","iCAF",0.0447759336749909,0.0256079099154284,0.0782915998645901,0.00967874794069193,0.0218735140275796,4856,4206
"7531-22H03674_11","LG-PanIN","BMP2_BMPR1A","BMP","All","iCAF",0.0798834073387194,0.138350861553408,0.046124459915852,0.0492174629324547,0.0130765572990965,4856,4206
"7531-22H03674_11","LG-PanIN","BMP4_BMPR2","BMP","All","iCAF",0.092590798129296,0.0383206302478856,0.22371907358421,0.014003294892916,0.0630052306229196,4856,4206
"7531-22H03674_11","LG-PanIN","IL6_IL6R","IL6","All","iCAF",0.00666738939606648,0.00150898495963303,0.0294595920754509,0.000411861614497529,0.00832144555397052,4856,4206
"7531-22H03674_11","LG-PanIN","IL1B_IL1R1","IL1","All","iCAF",0.0235487756025649,0.00768043025277248,0.0722023134289616,0.00267710049423394,0.0199714693295292,4856,4206
"7531-22H03674_11","LG-PanIN","CXCL1_CXCR2","Chemokine","All","iCAF",0.0143002205430562,0.0464595274076818,0.00440160111370899,0.0160626029654036,0.0011887779362815,4856,4206
"7531-22H03674_11","LG-PanIN","CCL2_CCR2","Chemokine","All","iCAF",0.0270721005382219,0.0332341980565373,0.0220525443792807,0.0117380560131796,0.00689491203043271,4856,4206
"7531-22H03674_11","LG-PanIN","SPP1_CD44","Matricellular","All","iCAF",0.211972634775947,0.0722225566391629,0.622138013174299,0.0238879736408567,0.172372800760818,4856,4206
"7531-22H03674_11","LG-PanIN","TGFB1_TGFBR1","TGFb","All","myCAF",0.0626645750679321,0.041702441051839,0.0941635278271397,0.0152388797364086,0.0268623244929797,4856,20512
"7531-22H03674_11","LG-PanIN","TGFB2_TGFBR2","TGFb","All","myCAF",0.0920238330119096,0.0172882481495646,0.489834815473602,0.00617792421746293,0.136017940717629,4856,20512
"7531-22H03674_11","LG-PanIN","PDGFA_PDGFRA","PDGF","All","myCAF",0.223997867104127,0.488399260744021,0.102733661780655,0.169069192751236,0.0292999219968799,4856,20512
"7531-22H03674_11","LG-PanIN","PDGFB_PDGFRB","PDGF","All","myCAF",0.0871118867025577,0.029645341888187,0.255975486250104,0.0107084019769358,0.0721528861154446,4856,20512
"7531-22H03674_11","LG-PanIN","HGF_MET","HGF","All","myCAF",0,0,0.0248100491616362,0,0.00697152886115445,4856,20512
"7531-22H03674_11","LG-PanIN","FGF2_FGFR1","FGF","All","myCAF",0,0,0.0591092650898495,0,0.0166731669266771,4856,20512
"7531-22H03674_11","LG-PanIN","FGF7_FGFR2","FGF","All","myCAF",0.0311737352209273,0.0219189211011271,0.0443362044664924,0.00782537067545305,0.0125780031201248,4856,20512
"7531-22H03674_11","LG-PanIN","VEGFA_KDR","VEGF","All","myCAF",0.0874339746453558,0.407491768655492,0.0187603787617802,0.143533772652389,0.00546021840873635,4856,20512
"7531-22H03674_11","LG-PanIN","WNT7A_FZD1","WNT","All","myCAF",0.00940380202964324,0.00224359797000393,0.039415035044165,0.000823723228995058,0.0112129485179407,4856,20512
"7531-22H03674_11","LG-PanIN","WNT7B_FZD7","WNT","All","myCAF",0.0123002941302729,0.00687117104514462,0.022019133957979,0.00247116968698517,0.0062890015600624,4856,20512
"7531-22H03674_11","LG-PanIN","SHH_PTCH1","Hedgehog","All","myCAF",0.0441909043034959,0.0256079099154284,0.0762590945379803,0.00967874794069193,0.0215971138845554,4856,20512
"7531-22H03674_11","LG-PanIN","BMP2_BMPR1A","BMP","All","myCAF",0.0802809293188051,0.138350861553408,0.0465846583095037,0.0492174629324547,0.0135042901716069,4856,20512
"7531-22H03674_11","LG-PanIN","BMP4_BMPR2","BMP","All","myCAF",0.085556140564616,0.0383206302478856,0.191015991672429,0.014003294892916,0.0544559282371295,4856,20512
"7531-22H03674_11","LG-PanIN","IL6_IL6R","IL6","All","myCAF",0.00602636869344592,0.00150898495963303,0.0240672509010143,0.000411861614497529,0.00687402496099844,4856,20512
"7531-22H03674_11","LG-PanIN","IL1B_IL1R1","IL1","All","myCAF",0.0223945280752758,0.00768043025277248,0.0652977595276357,0.00267710049423394,0.0185744929797192,4856,20512
"7531-22H03674_11","LG-PanIN","CXCL1_CXCR2","Chemokine","All","myCAF",0.0156872019219956,0.0464595274076818,0.00529683184208999,0.0160626029654036,0.0015113104524181,4856,20512
"7531-22H03674_11","LG-PanIN","CCL2_CCR2","Chemokine","All","myCAF",0.0318714167658114,0.0332341980565373,0.0305645168549579,0.0117380560131796,0.00906786271450858,4856,20512
"7531-22H03674_11","LG-PanIN","SPP1_CD44","Matricellular","All","myCAF",0.221958920511868,0.0722225566391629,0.682138166901714,0.0238879736408567,0.188913806552262,4856,20512
"7531-22H03674_11","LG-PanIN","TGFB1_TGFBR1","TGFb","All","All",0.0639329622120768,0.041702441051839,0.0980140143865892,0.0152388797364086,0.0280706234268413,4856,54826
"7531-22H03674_11","LG-PanIN","TGFB2_TGFBR2","TGFb","All","All",0.0912000692790182,0.0172882481495646,0.481104422179824,0.00617792421746293,0.133586254696677,4856,54826
"7531-22H03674_11","LG-PanIN","PDGFA_PDGFRA","PDGF","All","All",0.229628681998113,0.488399260744021,0.107963577823323,0.169069192751236,0.0308795097216649,4856,54826
"7531-22H03674_11","LG-PanIN","PDGFB_PDGFRB","PDGF","All","All",0.087025797985873,0.029645341888187,0.255469798379888,0.0107084019769358,0.0726480137161201,4856,54826
"7531-22H03674_11","LG-PanIN","HGF_MET","HGF","All","All",0,0,0.0245945396544362,0,0.0070039762156641,4856,54826
"7531-22H03674_11","LG-PanIN","FGF2_FGFR1","FGF","All","All",0,0,0.0638049298964208,0,0.018075365702404,4856,54826
"7531-22H03674_11","LG-PanIN","FGF7_FGFR2","FGF","All","All",0.0297982906115584,0.0219189211011271,0.0405101199677766,0.00782537067545305,0.0116732936927735,4856,54826
"7531-22H03674_11","LG-PanIN","VEGFA_KDR","VEGF","All","All",0.0875526753040497,0.407491768655492,0.0188113516456746,0.143533772652389,0.00552657498267245,4856,54826
"7531-22H03674_11","LG-PanIN","WNT7A_FZD1","WNT","All","All",0.00952767183748848,0.00224359797000393,0.0404602481623356,0.000823723228995058,0.0115273775216138,4856,54826
"7531-22H03674_11","LG-PanIN","WNT7B_FZD7","WNT","All","All",0.0118396087478124,0.00687117104514462,0.0204006470484138,0.00247116968698517,0.00585488636778171,4856,54826
"7531-22H03674_11","LG-PanIN","SHH_PTCH1","Hedgehog","All","All",0.0437415549114475,0.0256079099154284,0.0747161182771279,0.00967874794069193,0.021139605296757,4856,54826
"7531-22H03674_11","LG-PanIN","BMP2_BMPR1A","BMP","All","All",0.0829636769846037,0.138350861553408,0.0497501180803893,0.0492174629324547,0.0143362638164375,4856,54826
"7531-22H03674_11","LG-PanIN","BMP4_BMPR2","BMP","All","All",0.0859814063363751,0.0383206302478856,0.192919641137394,0.014003294892916,0.0548644803560355,4856,54826
"7531-22H03674_11","LG-PanIN","IL6_IL6R","IL6","All","All",0.00591052542228398,0.00150898495963303,0.0231508674387059,0.000411861614497529,0.00665742530915989,4856,54826
"7531-22H03674_11","LG-PanIN","IL1B_IL1R1","IL1","All","All",0.0221423489574238,0.00768043025277248,0.0638354364555741,0.00267710049423394,0.0180024076168241,4856,54826
"7531-22H03674_11","LG-PanIN","CXCL1_CXCR2","Chemokine","All","All",0.0137715891992031,0.0464595274076818,0.00408219109521652,0.0160626029654036,0.00114908984788239,4856,54826
"7531-22H03674_11","LG-PanIN","CCL2_CCR2","Chemokine","All","All",0.0304122989519864,0.0332341980565373,0.0278300058864534,0.0117380560131796,0.00831722175610112,4856,54826
"7531-22H03674_11","LG-PanIN","SPP1_CD44","Matricellular","All","All",0.219853248802589,0.0722225566391629,0.669256991974766,0.0238879736408567,0.185350016415569,4856,54826
"7532-23H11594_3","LG-PanIN","TGFB1_TGFBR1","TGFb","Classical","iCAF",0,0,0.0527557617921182,0,0.014312383322962,256,1607
"7532-23H11594_3","LG-PanIN","TGFB2_TGFBR2","TGFb","Classical","iCAF",0.0861148080338542,0.0193896947430752,0.382458840171066,0.0078125,0.100808960796515,256,1607
"7532-23H11594_3","LG-PanIN","PDGFA_PDGFRA","PDGF","Classical","iCAF",0.136186974329354,0.371998190981085,0.0498574789518998,0.12890625,0.0136901057871811,256,1607
"7532-23H11594_3","LG-PanIN","PDGFB_PDGFRB","PDGF","Classical","iCAF",0.0385164028421796,0.0110554948075772,0.13418786890337,0.00390625,0.0367143746110765,256,1607
"7532-23H11594_3","LG-PanIN","HGF_MET","HGF","Classical","iCAF",0,0,0.0420811527775236,0,0.0118232731798382,256,1607
"7532-23H11594_3","LG-PanIN","FGF2_FGFR1","FGF","Classical","iCAF",0,0,0.0810632174357791,0,0.0217797137523335,256,1607
"7532-23H11594_3","LG-PanIN","FGF7_FGFR2","FGF","Classical","iCAF",0,0,0.0138112150517482,0,0.00435594275046671,256,1607
"7532-23H11594_3","LG-PanIN","VEGFA_KDR","VEGF","Classical","iCAF",0.0575441517764435,0.193256570638808,0.0171343690552139,0.0703125,0.00435594275046671,256,1607
"7532-23H11594_3","LG-PanIN","WNT7A_FZD1","WNT","Classical","iCAF",0,0,0.0205607255422288,0,0.00497822028624767,256,1607
"7532-23H11594_3","LG-PanIN","WNT7B_FZD7","WNT","Classical","iCAF",0.00746697964639249,0.0099142707616306,0.0056237908344627,0.00390625,0.00124455507156192,256,1607
"7532-23H11594_3","LG-PanIN","SHH_PTCH1","Hedgehog","Classical","iCAF",0.0247474027564815,0.0215515434284649,0.0284171732397882,0.0078125,0.00808960796515246,256,1607
"7532-23H11594_3","LG-PanIN","BMP2_BMPR1A","BMP","Classical","iCAF",0.0420679405032459,0.0837702105485772,0.0211257869187091,0.02734375,0.00560049782202863,256,1607
"7532-23H11594_3","LG-PanIN","BMP4_BMPR2","BMP","Classical","iCAF",0.0807885234258874,0.0339717866672464,0.192123704922117,0.01171875,0.0510267579340386,256,1607
"7532-23H11594_3","LG-PanIN","IL6_IL6R","IL6","Classical","iCAF",0,0,0.0269991747929841,0,0.00684505289359054,256,1607
"7532-23H11594_3","LG-PanIN","IL1B_IL1R1","IL1","Classical","iCAF",0,0,0.0829265939456457,0,0.0205351586807716,256,1607
"7532-23H11594_3","LG-PanIN","CXCL1_CXCR2","Chemokine","Classical","iCAF",0,0,0.00652484812052542,0,0.00186683260734287,256,1607
"7532-23H11594_3","LG-PanIN","CCL2_CCR2","Chemokine","Classical","iCAF",0.03637803957034,0.114860928255675,0.0115214266772726,0.0390625,0.00311138767890479,256,1607
"7532-23H11594_3","LG-PanIN","SPP1_CD44","Matricellular","Classical","iCAF",0.0750744341228168,0.00882236971546577,0.638849973491913,0.00390625,0.164903546981954,256,1607
"7532-23H11594_3","LG-PanIN","TGFB1_TGFBR1","TGFb","Classical","myCAF",0,0,0.0742101881082698,0,0.0201584874183234,256,7193
"7532-23H11594_3","LG-PanIN","TGFB2_TGFBR2","TGFb","Classical","myCAF",0.0854981300471665,0.0193896947430752,0.377000790286957,0.0078125,0.100375364938134,256,7193
"7532-23H11594_3","LG-PanIN","PDGFA_PDGFRA","PDGF","Classical","myCAF",0.155710765723633,0.371998190981085,0.0651773130893342,0.12890625,0.0180731266509106,256,7193
"7532-23H11594_3","LG-PanIN","PDGFB_PDGFRB","PDGF","Classical","myCAF",0.0429343473437536,0.0110554948075772,0.166736832129004,0.00390625,0.0446267204226331,256,7193
"7532-23H11594_3","LG-PanIN","HGF_MET","HGF","Classical","myCAF",0,0,0.0278532166060884,0,0.00806339496732935,256,7193
"7532-23H11594_3","LG-PanIN","FGF2_FGFR1","FGF","Classical","myCAF",0,0,0.0935086178042707,0,0.0248853051577923,256,7193
"7532-23H11594_3","LG-PanIN","FGF7_FGFR2","FGF","Classical","myCAF",0,0,0.0172736843301136,0,0.00556096204643403,256,7193
"7532-23H11594_3","LG-PanIN","VEGFA_KDR","VEGF","Classical","myCAF",0.0592965434647941,0.193256570638808,0.0181938448729057,0.0703125,0.00500486584179063,256,7193
"7532-23H11594_3","LG-PanIN","WNT7A_FZD1","WNT","Classical","myCAF",0,0,0.0201586669771257,0,0.00556096204643403,256,7193
"7532-23H11594_3","LG-PanIN","WNT7B_FZD7","WNT","Classical","myCAF",0.00775891319575449,0.0099142707616306,0.00607212929994176,0.00390625,0.00180731266509106,256,7193
"7532-23H11594_3","LG-PanIN","SHH_PTCH1","Hedgehog","Classical","myCAF",0.0230568365121546,0.0215515434284649,0.0246672685746522,0.0078125,0.00695120255804254,256,7193
"7532-23H11594_3","LG-PanIN","BMP2_BMPR1A","BMP","Classical","myCAF",0.048459981686955,0.0837702105485772,0.0280334716807023,0.02734375,0.00778534686500765,256,7193
"7532-23H11594_3","LG-PanIN","BMP4_BMPR2","BMP","Classical","myCAF",0.0805367161918342,0.0339717866672464,0.190927922587528,0.01171875,0.0510218267760323,256,7193
"7532-23H11594_3","LG-PanIN","IL6_IL6R","IL6","Classical","myCAF",0,0,0.0325079022190539,0,0.00861949117197275,256,7193
"7532-23H11594_3","LG-PanIN","IL1B_IL1R1","IL1","Classical","myCAF",0,0,0.091420785904107,0,0.0232170165438621,256,7193
"7532-23H11594_3","LG-PanIN","CXCL1_CXCR2","Chemokine","Classical","myCAF",0,0,0.00188789908007668,0,0.000556096204643403,256,7193
"7532-23H11594_3","LG-PanIN","CCL2_CCR2","Chemokine","Classical","myCAF",0.0304301236854497,0.114860928255675,0.00806185742684017,0.0390625,0.00222438481857361,256,7193
"7532-23H11594_3","LG-PanIN","SPP1_CD44","Matricellular","Classical","myCAF",0.0776258505208804,0.00882236971546577,0.683010672124382,0.00390625,0.179341025997498,256,7193
"7532-23H11594_3","LG-PanIN","TGFB1_TGFBR1","TGFb","Classical","All",0,0,0.0673125846118157,0,0.0182612356594043,256,19002
"7532-23H11594_3","LG-PanIN","TGFB2_TGFBR2","TGFb","Classical","All",0.0865831976099919,0.0193896947430752,0.386630641054741,0.0078125,0.103304915272077,256,19002
"7532-23H11594_3","LG-PanIN","PDGFA_PDGFRA","PDGF","Classical","All",0.154565752744603,0.371998190981085,0.0642222798409265,0.12890625,0.0175244711083044,256,19002
"7532-23H11594_3","LG-PanIN","PDGFB_PDGFRB","PDGF","Classical","All",0.0418589804358534,0.0110554948075772,0.158488993358149,0.00390625,0.0427323439637933,256,19002
"7532-23H11594_3","LG-PanIN","HGF_MET","HGF","Classical","All",0,0,0.0312903679306306,0,0.00868329649510578,256,19002
"7532-23H11594_3","LG-PanIN","FGF2_FGFR1","FGF","Classical","All",0,0,0.0915496870339451,0,0.0245763603831176,256,19002
"7532-23H11594_3","LG-PanIN","FGF7_FGFR2","FGF","Classical","All",0,0,0.0163158449768523,0,0.00520997789706347,256,19002
"7532-23H11594_3","LG-PanIN","VEGFA_KDR","VEGF","Classical","All",0.056515231080244,0.193256570638808,0.016527103495088,0.0703125,0.00452583938532786,256,19002
"7532-23H11594_3","LG-PanIN","WNT7A_FZD1","WNT","Classical","All",0,0,0.0208157854973486,0,0.00568361225134196,256,19002
"7532-23H11594_3","LG-PanIN","WNT7B_FZD7","WNT","Classical","All",0.00878426985713135,0.0099142707616306,0.00778306330118982,0.00390625,0.00215766761393538,256,19002
"7532-23H11594_3","LG-PanIN","SHH_PTCH1","Hedgehog","Classical","All",0.0216904690687539,0.0215515434284649,0.0218302902520278,0.0078125,0.00620987264498474,256,19002
"7532-23H11594_3","LG-PanIN","BMP2_BMPR1A","BMP","Classical","All",0.0487192482179975,0.0837702105485772,0.0283342387631992,0.02734375,0.00778865382591306,256,19002
"7532-23H11594_3","LG-PanIN","BMP4_BMPR2","BMP","Classical","All",0.0783568699323959,0.0339717866672464,0.180732297825302,0.01171875,0.0484685822544995,256,19002
"7532-23H11594_3","LG-PanIN","IL6_IL6R","IL6","Classical","All",0,0,0.0270484965159138,0,0.00710451531417746,256,19002
"7532-23H11594_3","LG-PanIN","IL1B_IL1R1","IL1","Classical","All",0,0,0.0820832505085375,0,0.0209451636669824,256,19002
"7532-23H11594_3","LG-PanIN","CXCL1_CXCR2","Chemokine","Classical","All",0,0,0.00376314956817732,0,0.000999894747921271,256,19002
"7532-23H11594_3","LG-PanIN","CCL2_CCR2","Chemokine","Classical","All",0.0282799859114602,0.114860928255675,0.00696283423177784,0.0390625,0.00194716345647827,256,19002
"7532-23H11594_3","LG-PanIN","SPP1_CD44","Matricellular","Classical","All",0.076649172843552,0.00882236971546577,0.665931703961757,0.00390625,0.175244711083044,256,19002
"7532-23H11594_3","LG-PanIN","TGFB1_TGFBR1","TGFb","Basal-like","iCAF",0.0558622908340927,0.0591517481925353,0.0527557617921182,0.0253164556962025,0.014312383322962,79,1607
"7532-23H11594_3","LG-PanIN","TGFB2_TGFBR2","TGFb","Basal-like","iCAF",0,0,0.382458840171066,0,0.100808960796515,79,1607
"7532-23H11594_3","LG-PanIN","PDGFA_PDGFRA","PDGF","Basal-like","iCAF",0.147370007456367,0.435600025397232,0.0498574789518998,0.151898734177215,0.0136901057871811,79,1607
"7532-23H11594_3","LG-PanIN","PDGFB_PDGFRB","PDGF","Basal-like","iCAF",0,0,0.13418786890337,0,0.0367143746110765,79,1607
"7532-23H11594_3","LG-PanIN","HGF_MET","HGF","Basal-like","iCAF",0,0,0.0420811527775236,0,0.0118232731798382,79,1607
"7532-23H11594_3","LG-PanIN","FGF2_FGFR1","FGF","Basal-like","iCAF",0,0,0.0810632174357791,0,0.0217797137523335,79,1607
"7532-23H11594_3","LG-PanIN","FGF7_FGFR2","FGF","Basal-like","iCAF",0,0,0.0138112150517482,0,0.00435594275046671,79,1607
"7532-23H11594_3","LG-PanIN","VEGFA_KDR","VEGF","Basal-like","iCAF",0.085974277582522,0.431388887563812,0.0171343690552139,0.139240506329114,0.00435594275046671,79,1607
"7532-23H11594_3","LG-PanIN","WNT7A_FZD1","WNT","Basal-like","iCAF",0,0,0.0205607255422288,0,0.00497822028624767,79,1607
"7532-23H11594_3","LG-PanIN","WNT7B_FZD7","WNT","Basal-like","iCAF",0,0,0.0056237908344627,0,0.00124455507156192,79,1607
"7532-23H11594_3","LG-PanIN","SHH_PTCH1","Hedgehog","Basal-like","iCAF",0.0427342832372211,0.0642646243660176,0.0284171732397882,0.0253164556962025,0.00808960796515246,79,1607
"7532-23H11594_3","LG-PanIN","BMP2_BMPR1A","BMP","Basal-like","iCAF",0.0405145721423874,0.0776979604213964,0.0211257869187091,0.0253164556962025,0.00560049782202863,79,1607
"7532-23H11594_3","LG-PanIN","BMP4_BMPR2","BMP","Basal-like","iCAF",0.0924402633539044,0.0444776051575898,0.192123704922117,0.0126582278481013,0.0510267579340386,79,1607
"7532-23H11594_3","LG-PanIN","IL6_IL6R","IL6","Basal-like","iCAF",0,0,0.0269991747929841,0,0.00684505289359054,79,1607
"7532-23H11594_3","LG-PanIN","IL1B_IL1R1","IL1","Basal-like","iCAF",0,0,0.0829265939456457,0,0.0205351586807716,79,1607
"7532-23H11594_3","LG-PanIN","CXCL1_CXCR2","Chemokine","Basal-like","iCAF",0,0,0.00652484812052542,0,0.00186683260734287,79,1607
"7532-23H11594_3","LG-PanIN","CCL2_CCR2","Chemokine","Basal-like","iCAF",0.0410307266687598,0.146120838861686,0.0115214266772726,0.0506329113924051,0.00311138767890479,79,1607
"7532-23H11594_3","LG-PanIN","SPP1_CD44","Matricellular","Basal-like","iCAF",0,0,0.638849973491913,0,0.164903546981954,79,1607
"7532-23H11594_3","LG-PanIN","TGFB1_TGFBR1","TGFb","Basal-like","myCAF",0.0662545270928791,0.0591517481925353,0.0742101881082698,0.0253164556962025,0.0201584874183234,79,7193
"7532-23H11594_3","LG-PanIN","TGFB2_TGFBR2","TGFb","Basal-like","myCAF",0,0,0.377000790286957,0,0.100375364938134,79,7193
"7532-23H11594_3","LG-PanIN","PDGFA_PDGFRA","PDGF","Basal-like","myCAF",0.168497000676681,0.435600025397232,0.0651773130893342,0.151898734177215,0.0180731266509106,79,7193
"7532-23H11594_3","LG-PanIN","PDGFB_PDGFRB","PDGF","Basal-like","myCAF",0,0,0.166736832129004,0,0.0446267204226331,79,7193
"7532-23H11594_3","LG-PanIN","HGF_MET","HGF","Basal-like","myCAF",0,0,0.0278532166060884,0,0.00806339496732935,79,7193
"7532-23H11594_3","LG-PanIN","FGF2_FGFR1","FGF","Basal-like","myCAF",0,0,0.0935086178042707,0,0.0248853051577923,79,7193
"7532-23H11594_3","LG-PanIN","FGF7_FGFR2","FGF","Basal-like","myCAF",0,0,0.0172736843301136,0,0.00556096204643403,79,7193
"7532-23H11594_3","LG-PanIN","VEGFA_KDR","VEGF","Basal-like","myCAF",0.0885924517113696,0.431388887563812,0.0181938448729057,0.139240506329114,0.00500486584179063,79,7193
"7532-23H11594_3","LG-PanIN","WNT7A_FZD1","WNT","Basal-like","myCAF",0,0,0.0201586669771257,0,0.00556096204643403,79,7193
"7532-23H11594_3","LG-PanIN","WNT7B_FZD7","WNT","Basal-like","myCAF",0,0,0.00607212929994176,0,0.00180731266509106,79,7193
"7532-23H11594_3","LG-PanIN","SHH_PTCH1","Hedgehog","Basal-like","myCAF",0.0398149814653441,0.0642646243660176,0.0246672685746522,0.0253164556962025,0.00695120255804254,79,7193
"7532-23H11594_3","LG-PanIN","BMP2_BMPR1A","BMP","Basal-like","myCAF",0.0466705857379308,0.0776979604213964,0.0280334716807023,0.0253164556962025,0.00778534686500765,79,7193
"7532-23H11594_3","LG-PanIN","BMP4_BMPR2","BMP","Basal-like","myCAF",0.0921521391743402,0.0444776051575898,0.190927922587528,0.0126582278481013,0.0510218267760323,79,7193
"7532-23H11594_3","LG-PanIN","IL6_IL6R","IL6","Basal-like","myCAF",0,0,0.0325079022190539,0,0.00861949117197275,79,7193
"7532-23H11594_3","LG-PanIN","IL1B_IL1R1","IL1","Basal-like","myCAF",0,0,0.091420785904107,0,0.0232170165438621,79,7193
"7532-23H11594_3","LG-PanIN","CXCL1_CXCR2","Chemokine","Basal-like","myCAF",0,0,0.00188789908007668,0,0.000556096204643403,79,7193
"7532-23H11594_3","LG-PanIN","CCL2_CCR2","Chemokine","Basal-like","myCAF",0.0343220828329692,0.146120838861686,0.00806185742684017,0.0506329113924051,0.00222438481857361,79,7193
"7532-23H11594_3","LG-PanIN","SPP1_CD44","Matricellular","Basal-like","myCAF",0,0,0.683010672124382,0,0.179341025997498,79,7193
"7532-23H11594_3","LG-PanIN","TGFB1_TGFBR1","TGFb","Basal-like","All",0.0631003728606008,0.0591517481925353,0.0673125846118157,0.0253164556962025,0.0182612356594043,79,19002
"7532-23H11594_3","LG-PanIN","TGFB2_TGFBR2","TGFb","Basal-like","All",0,0,0.386630641054741,0,0.103304915272077,79,19002
"7532-23H11594_3","LG-PanIN","PDGFA_PDGFRA","PDGF","Basal-like","All",0.167257964622842,0.435600025397232,0.0642222798409265,0.151898734177215,0.0175244711083044,79,19002
"7532-23H11594_3","LG-PanIN","PDGFB_PDGFRB","PDGF","Basal-like","All",0,0,0.158488993358149,0,0.0427323439637933,79,19002
"7532-23H11594_3","LG-PanIN","HGF_MET","HGF","Basal-like","All",0,0,0.0312903679306306,0,0.00868329649510578,79,19002
"7532-23H11594_3","LG-PanIN","FGF2_FGFR1","FGF","Basal-like","All",0,0,0.0915496870339451,0,0.0245763603831176,79,19002
"7532-23H11594_3","LG-PanIN","FGF7_FGFR2","FGF","Basal-like","All",0,0,0.0163158449768523,0,0.00520997789706347,79,19002
"7532-23H11594_3","LG-PanIN","VEGFA_KDR","VEGF","Basal-like","All",0.0844370107914653,0.431388887563812,0.016527103495088,0.139240506329114,0.00452583938532786,79,19002
"7532-23H11594_3","LG-PanIN","WNT7A_FZD1","WNT","Basal-like","All",0,0,0.0208157854973486,0,0.00568361225134196,79,19002
"7532-23H11594_3","LG-PanIN","WNT7B_FZD7","WNT","Basal-like","All",0,0,0.00778306330118982,0,0.00215766761393538,79,19002
"7532-23H11594_3","LG-PanIN","SHH_PTCH1","Hedgehog","Basal-like","All",0.0374555123159155,0.0642646243660176,0.0218302902520278,0.0253164556962025,0.00620987264498474,79,19002
"7532-23H11594_3","LG-PanIN","BMP2_BMPR1A","BMP","Basal-like","All",0.0469202787927933,0.0776979604213964,0.0283342387631992,0.0253164556962025,0.00778865382591306,79,19002
"7532-23H11594_3","LG-PanIN","BMP4_BMPR2","BMP","Basal-like","All",0.0896579041797081,0.0444776051575898,0.180732297825302,0.0126582278481013,0.0484685822544995,79,19002
"7532-23H11594_3","LG-PanIN","IL6_IL6R","IL6","Basal-like","All",0,0,0.0270484965159138,0,0.00710451531417746,79,19002
"7532-23H11594_3","LG-PanIN","IL1B_IL1R1","IL1","Basal-like","All",0,0,0.0820832505085375,0,0.0209451636669824,79,19002
"7532-23H11594_3","LG-PanIN","CXCL1_CXCR2","Chemokine","Basal-like","All",0,0,0.00376314956817732,0,0.000999894747921271,79,19002
"7532-23H11594_3","LG-PanIN","CCL2_CCR2","Chemokine","Basal-like","All",0.0318969462300428,0.146120838861686,0.00696283423177784,0.0506329113924051,0.00194716345647827,79,19002
"7532-23H11594_3","LG-PanIN","SPP1_CD44","Matricellular","Basal-like","All",0,0,0.665931703961757,0,0.175244711083044,79,19002
"7532-23H11594_3","LG-PanIN","TGFB1_TGFBR1","TGFb","All","iCAF",0.0266298692424297,0.0134421324188869,0.0527557617921182,0.00518582541054451,0.014312383322962,1157,1607
"7532-23H11594_3","LG-PanIN","TGFB2_TGFBR2","TGFb","All","iCAF",0.0686408576609796,0.0123191487437641,0.382458840171066,0.00518582541054451,0.100808960796515,1157,1607
"7532-23H11594_3","LG-PanIN","PDGFA_PDGFRA","PDGF","All","iCAF",0.138923246819239,0.387096758851738,0.0498574789518998,0.133102852203976,0.0136901057871811,1157,1607
"7532-23H11594_3","LG-PanIN","PDGFB_PDGFRB","PDGF","All","iCAF",0.0374870168209809,0.0104724550857013,0.13418786890337,0.00345721694036301,0.0367143746110765,1157,1607
"7532-23H11594_3","LG-PanIN","HGF_MET","HGF","All","iCAF",0,0,0.0420811527775236,0,0.0118232731798382,1157,1607
"7532-23H11594_3","LG-PanIN","FGF2_FGFR1","FGF","All","iCAF",0.0159744368560354,0.00314794602212313,0.0810632174357791,0.000864304235090752,0.0217797137523335,1157,1607
"7532-23H11594_3","LG-PanIN","FGF7_FGFR2","FGF","All","iCAF",0.0167938190246514,0.0204205318920904,0.0138112150517482,0.00605012964563526,0.00435594275046671,1157,1607
"7532-23H11594_3","LG-PanIN","VEGFA_KDR","VEGF","All","iCAF",0.0639582016329133,0.23873954990316,0.0171343690552139,0.0829732065687122,0.00435594275046671,1157,1607
"7532-23H11594_3","LG-PanIN","WNT7A_FZD1","WNT","All","iCAF",0,0,0.0205607255422288,0,0.00497822028624767,1157,1607
"7532-23H11594_3","LG-PanIN","WNT7B_FZD7","WNT","All","iCAF",0.00620550239462339,0.00684738481625192,0.0056237908344627,0.00259291270527226,0.00124455507156192,1157,1607
"7532-23H11594_3","LG-PanIN","SHH_PTCH1","Hedgehog","All","iCAF",0.0237771814731073,0.019894813394511,0.0284171732397882,0.00691443388072602,0.00808960796515246,1157,1607
"7532-23H11594_3","LG-PanIN","BMP2_BMPR1A","BMP","All","iCAF",0.0497651591792422,0.117229766524912,0.0211257869187091,0.0414866032843561,0.00560049782202863,1157,1607
"7532-23H11594_3","LG-PanIN","BMP4_BMPR2","BMP","All","iCAF",0.0887950193819974,0.0410389518057937,0.192123704922117,0.0146931719965428,0.0510267579340386,1157,1607
"7532-23H11594_3","LG-PanIN","IL6_IL6R","IL6","All","iCAF",0.0116929337181529,0.00506403251156571,0.0269991747929841,0.0017286084701815,0.00684505289359054,1157,1607
"7532-23H11594_3","LG-PanIN","IL1B_IL1R1","IL1","All","iCAF",0,0,0.0829265939456457,0,0.0205351586807716,1157,1607
"7532-23H11594_3","LG-PanIN","CXCL1_CXCR2","Chemokine","All","iCAF",0.00835649311303253,0.0107023145762567,0.00652484812052542,0.00345721694036301,0.00186683260734287,1157,1607
"7532-23H11594_3","LG-PanIN","CCL2_CCR2","Chemokine","All","iCAF",0.0305198612691217,0.0808460582163716,0.0115214266772726,0.0267934312878133,0.00311138767890479,1157,1607
"7532-23H11594_3","LG-PanIN","SPP1_CD44","Matricellular","All","iCAF",0.0926011169103342,0.0134225048271837,0.638849973491913,0.00518582541054451,0.164903546981954,1157,1607
"7532-23H11594_3","LG-PanIN","TGFB1_TGFBR1","TGFb","All","myCAF",0.0315839069049709,0.0134421324188869,0.0742101881082698,0.00518582541054451,0.0201584874183234,1157,7193
"7532-23H11594_3","LG-PanIN","TGFB2_TGFBR2","TGFb","All","myCAF",0.0681493126308816,0.0123191487437641,0.377000790286957,0.00518582541054451,0.100375364938134,1157,7193
"7532-23H11594_3","LG-PanIN","PDGFA_PDGFRA","PDGF","All","myCAF",0.158839310775218,0.387096758851738,0.0651773130893342,0.133102852203976,0.0180731266509106,1157,7193
"7532-23H11594_3","LG-PanIN","PDGFB_PDGFRB","PDGF","All","myCAF",0.041786887723341,0.0104724550857013,0.166736832129004,0.00345721694036301,0.0446267204226331,1157,7193
"7532-23H11594_3","LG-PanIN","HGF_MET","HGF","All","myCAF",0,0,0.0278532166060884,0,0.00806339496732935,1157,7193
"7532-23H11594_3","LG-PanIN","FGF2_FGFR1","FGF","All","myCAF",0.0171569251747271,0.00314794602212313,0.0935086178042707,0.000864304235090752,0.0248853051577923,1157,7193
"7532-23H11594_3","LG-PanIN","FGF7_FGFR2","FGF","All","myCAF",0.0187813157621341,0.0204205318920904,0.0172736843301136,0.00605012964563526,0.00556096204643403,1157,7193
"7532-23H11594_3","LG-PanIN","VEGFA_KDR","VEGF","All","myCAF",0.0659059203407813,0.23873954990316,0.0181938448729057,0.0829732065687122,0.00500486584179063,1157,7193
"7532-23H11594_3","LG-PanIN","WNT7A_FZD1","WNT","All","myCAF",0,0,0.0201586669771257,0,0.00556096204643403,1157,7193
"7532-23H11594_3","LG-PanIN","WNT7B_FZD7","WNT","All","myCAF",0.00644811646690254,0.00684738481625192,0.00607212929994176,0.00259291270527226,0.00180731266509106,1157,7193
"7532-23H11594_3","LG-PanIN","SHH_PTCH1","Hedgehog","All","myCAF",0.0221528938345533,0.019894813394511,0.0246672685746522,0.00691443388072602,0.00695120255804254,1157,7193
"7532-23H11594_3","LG-PanIN","BMP2_BMPR1A","BMP","All","myCAF",0.0573267593712698,0.117229766524912,0.0280334716807023,0.0414866032843561,0.00778534686500765,1157,7193
"7532-23H11594_3","LG-PanIN","BMP4_BMPR2","BMP","All","myCAF",0.0885182569499077,0.0410389518057937,0.190927922587528,0.0146931719965428,0.0510218267760323,1157,7193
"7532-23H11594_3","LG-PanIN","IL6_IL6R","IL6","All","myCAF",0.0128304744152384,0.00506403251156571,0.0325079022190539,0.0017286084701815,0.00861949117197275,1157,7193
"7532-23H11594_3","LG-PanIN","IL1B_IL1R1","IL1","All","myCAF",0,0,0.091420785904107,0,0.0232170165438621,1157,7193
"7532-23H11594_3","LG-PanIN","CXCL1_CXCR2","Chemokine","All","myCAF",0.00449498496584874,0.0107023145762567,0.00188789908007668,0.00345721694036301,0.000556096204643403,1157,7193
"7532-23H11594_3","LG-PanIN","CCL2_CCR2","Chemokine","All","myCAF",0.0255297746731617,0.0808460582163716,0.00806185742684017,0.0267934312878133,0.00222438481857361,1157,7193
"7532-23H11594_3","LG-PanIN","SPP1_CD44","Matricellular","All","myCAF",0.0957481803670832,0.0134225048271837,0.683010672124382,0.00518582541054451,0.179341025997498,1157,7193
"7532-23H11594_3","LG-PanIN","TGFB1_TGFBR1","TGFb","All","All",0.0300803037851939,0.0134421324188869,0.0673125846118157,0.00518582541054451,0.0182612356594043,1157,19002
"7532-23H11594_3","LG-PanIN","TGFB2_TGFBR2","TGFb","All","All",0.0690142041615363,0.0123191487437641,0.386630641054741,0.00518582541054451,0.103304915272077,1157,19002
"7532-23H11594_3","LG-PanIN","PDGFA_PDGFRA","PDGF","All","All",0.15767129216345,0.387096758851738,0.0642222798409265,0.133102852203976,0.0175244711083044,1157,19002
"7532-23H11594_3","LG-PanIN","PDGFB_PDGFRB","PDGF","All","All",0.0407402609775787,0.0104724550857013,0.158488993358149,0.00345721694036301,0.0427323439637933,1157,19002
"7532-23H11594_3","LG-PanIN","HGF_MET","HGF","All","All",0,0,0.0312903679306306,0,0.00868329649510578,1157,19002
"7532-23H11594_3","LG-PanIN","FGF2_FGFR1","FGF","All","All",0.0169762620480813,0.00314794602212313,0.0915496870339451,0.000864304235090752,0.0245763603831176,1157,19002
"7532-23H11594_3","LG-PanIN","FGF7_FGFR2","FGF","All","All",0.0182531704834041,0.0204205318920904,0.0163158449768523,0.00605012964563526,0.00520997789706347,1157,19002
"7532-23H11594_3","LG-PanIN","VEGFA_KDR","VEGF","All","All",0.062814594240672,0.23873954990316,0.016527103495088,0.0829732065687122,0.00452583938532786,1157,19002
"7532-23H11594_3","LG-PanIN","WNT7A_FZD1","WNT","All","All",0,0,0.0208157854973486,0,0.00568361225134196,1157,19002
"7532-23H11594_3","LG-PanIN","WNT7B_FZD7","WNT","All","All",0.00730024858977382,0.00684738481625192,0.00778306330118982,0.00259291270527226,0.00215766761393538,1157,19002
"7532-23H11594_3","LG-PanIN","SHH_PTCH1","Hedgehog","All","All",0.0208400947913416,0.019894813394511,0.0218302902520278,0.00691443388072602,0.00620987264498474,1157,19002
"7532-23H11594_3","LG-PanIN","BMP2_BMPR1A","BMP","All","All",0.0576334641928711,0.117229766524912,0.0283342387631992,0.0414866032843561,0.00778865382591306,1157,19002
"7532-23H11594_3","LG-PanIN","BMP4_BMPR2","BMP","All","All",0.0861223783937888,0.0410389518057937,0.180732297825302,0.0146931719965428,0.0484685822544995,1157,19002
"7532-23H11594_3","LG-PanIN","IL6_IL6R","IL6","All","All",0.0117036090905993,0.00506403251156571,0.0270484965159138,0.0017286084701815,0.00710451531417746,1157,19002
"7532-23H11594_3","LG-PanIN","IL1B_IL1R1","IL1","All","All",0,0,0.0820832505085375,0,0.0209451636669824,1157,19002
"7532-23H11594_3","LG-PanIN","CXCL1_CXCR2","Chemokine","All","All",0.00634621229365503,0.0107023145762567,0.00376314956817732,0.00345721694036301,0.000999894747921271,1157,19002
"7532-23H11594_3","LG-PanIN","CCL2_CCR2","Chemokine","All","All",0.0237258867411369,0.0808460582163716,0.00696283423177784,0.0267934312878133,0.00194716345647827,1157,19002
"7532-23H11594_3","LG-PanIN","SPP1_CD44","Matricellular","All","All",0.0945434900508826,0.0134225048271837,0.665931703961757,0.00518582541054451,0.175244711083044,1157,19002
